,Date,Open,High,Low,Close,Adj Close,Volume,isPivot,cross_type,crossed_level,cross_period_ago,pre_cross_break,pivot_high_trend,pivot_low_trend,stop_loss
0,2021-12-20,25.5,27.190000534057617,24.940000534057617,27.09000015258789,27.09000015258789,3957400,0,0,,,0,False,False,
1,2021-12-21,25.15999984741211,25.290000915527344,20.84000015258789,21.450000762939453,21.450000762939453,8060100,0,0,,,0,False,False,
2,2021-12-22,21.51000022888184,24.01000022888184,21.209999084472656,23.920000076293945,23.920000076293945,3880200,0,0,,,0,False,False,
3,2021-12-23,23.850000381469727,24.57999992370605,23.3700008392334,24.299999237060547,24.299999237060547,2036300,0,2,24.254285714285714,2,0,False,False,
4,2021-12-27,24.170000076293945,24.739999771118164,23.899999618530277,24.31999969482422,24.31999969482422,1032200,0,2,24.254285714285714,3,0,False,False,
5,2021-12-28,24.34000015258789,25.09000015258789,24.290000915527344,24.670000076293945,24.670000076293945,1066600,1,2,24.254285714285714,4,0,False,True,
6,2021-12-29,24.600000381469727,24.739999771118164,23.8700008392334,23.959999084472656,23.959999084472656,724100,0,1,24.254285714285714,2,0,False,True,
7,2021-12-30,23.920000076293945,24.200000762939453,23.51000022888184,23.540000915527344,23.540000915527344,814300,0,1,24.254285714285714,3,0,False,True,
8,2021-12-31,23.65999984741211,23.729999542236328,22.940000534057617,23.34000015258789,23.34000015258789,825700,2,1,24.254285714285714,4,0,False,True,24.290000915527344
9,2022-01-03,23.32999992370605,24.549999237060547,23.1200008392334,24.38999938964844,24.38999938964844,916400,0,2,24.254285714285714,2,0,False,True,
10,2022-01-04,24.38999938964844,24.59000015258789,23.3799991607666,23.6200008392334,23.6200008392334,1005600,0,1,24.254285714285714,2,0,False,True,
11,2022-01-05,24.36000061035156,24.989999771118164,23.100000381469727,23.11000061035156,23.11000061035156,1653200,1,1,24.254285714285714,3,0,False,True,23.729999542236328
12,2022-01-06,23.3799991607666,24.07999992370605,22.63999938964844,23.38999938964844,23.38999938964844,1007700,0,1,24.254285714285714,4,0,False,True,
13,2022-01-07,23.049999237060547,23.63999938964844,22.540000915527344,22.59000015258789,22.59000015258789,1316200,0,1,24.254285714285714,5,0,False,True,
14,2022-01-10,22.6299991607666,22.780000686645508,21.670000076293945,22.709999084472656,22.709999084472656,1493100,0,0,,,0,False,True,
15,2022-01-11,22.649999618530277,23.299999237060547,22.31999969482422,22.75,22.75,602100,0,0,,,0,False,True,
16,2022-01-12,22.68000030517578,22.799999237060547,21.850000381469727,22.13999938964844,22.13999938964844,1759300,0,0,,,0,False,True,
17,2022-01-13,22.200000762939453,22.770000457763672,21.6299991607666,22.13999938964844,22.13999938964844,1476300,0,0,,,0,False,True,
18,2022-01-14,21.86000061035156,23.06999969482422,21.65999984741211,23.049999237060547,23.049999237060547,1342100,0,0,,,0,False,True,
19,2022-01-18,22.780000686645508,22.82999992370605,20.88999938964844,20.940000534057617,20.940000534057617,1684400,2,1,21.10625,2,0,False,True,23.100000381469727
20,2022-01-19,21.09000015258789,22.229999542236328,21.09000015258789,21.8700008392334,21.8700008392334,1657500,0,2,21.10625,2,0,False,True,
21,2022-01-20,22.309999465942383,22.90999984741211,21.3799991607666,21.489999771118164,21.489999771118164,1416000,0,2,21.10625,3,0,False,True,
22,2022-01-21,21.38999938964844,22.049999237060547,20.940000534057617,21.18000030517578,21.18000030517578,3055400,0,2,21.10625,4,0,False,True,
23,2022-01-24,20.920000076293945,22.549999237060547,20.739999771118164,22.450000762939453,22.450000762939453,2265300,2,2,21.10625,5,0,False,True,23.100000381469727
24,2022-01-25,22.0,22.170000076293945,21.299999237060547,21.93000030517578,21.93000030517578,1618700,0,0,,,0,False,True,
25,2022-01-26,22.149999618530277,22.8700008392334,21.709999084472656,21.93000030517578,21.93000030517578,1381100,1,0,,,0,False,True,22.549999237060547
26,2022-01-27,22.06999969482422,22.3700008392334,21.51000022888184,21.530000686645508,21.530000686645508,1058400,0,0,,,0,False,False,
27,2022-01-28,21.5,22.1299991607666,21.030000686645508,22.11000061035156,22.11000061035156,1201500,2,0,,,0,True,False,21.709999084472656
28,2022-01-31,22.229999542236328,22.690000534057617,22.040000915527344,22.489999771118164,22.489999771118164,1100300,0,0,,,0,True,False,
29,2022-02-01,22.770000457763672,23.940000534057617,22.600000381469727,23.84000015258789,23.84000015258789,1746700,0,0,,,0,True,False,
30,2022-02-02,23.799999237060547,24.020000457763672,23.09000015258789,23.40999984741211,23.40999984741211,1308600,0,0,,,0,True,False,
31,2022-02-03,23.11000061035156,23.93000030517578,23.100000381469727,23.1299991607666,23.1299991607666,982100,0,0,,,0,True,False,
32,2022-02-04,23.01000022888184,23.86000061035156,22.450000762939453,23.600000381469727,23.600000381469727,1118100,2,0,,,0,True,False,21.709999084472656
33,2022-02-07,23.600000381469727,25.649999618530277,23.479999542236328,25.309999465942383,25.309999465942383,1820900,0,2,24.254285714285714,2,0,True,False,
34,2022-02-08,24.96999931335449,25.3700008392334,24.520000457763672,25.1299991607666,25.1299991607666,1093000,0,2,24.254285714285714,3,0,True,False,
35,2022-02-09,26.34000015258789,26.86000061035156,25.61000061035156,26.850000381469727,26.850000381469727,1524400,0,2,24.254285714285714,4,0,True,False,
36,2022-02-10,26.239999771118164,27.239999771118164,25.899999618530277,26.229999542236328,26.229999542236328,1800900,0,2,24.254285714285714,5,0,True,False,
37,2022-02-11,26.32999992370605,26.799999237060547,25.530000686645508,25.950000762939453,25.950000762939453,1298400,0,0,,,0,True,False,
38,2022-02-14,25.959999084472656,26.65999984741211,25.739999771118164,26.190000534057617,26.190000534057617,1046600,0,0,,,0,True,False,
39,2022-02-15,26.32999992370605,27.540000915527344,26.13999938964844,27.280000686645508,27.280000686645508,1471200,0,0,,,0,True,False,
40,2022-02-16,27.190000534057617,27.809999465942383,26.5,27.5,27.5,1373900,1,0,,,0,True,True,23.86000061035156
41,2022-02-17,27.32999992370605,27.420000076293945,26.61000061035156,26.6299991607666,26.6299991607666,955800,0,0,,,0,True,True,
42,2022-02-18,26.75,27.190000534057617,25.76000022888184,25.86000061035156,25.86000061035156,827200,0,0,,,0,True,True,
43,2022-02-22,25.299999237060547,26.71999931335449,25.25,26.149999618530277,26.149999618530277,1600400,0,0,,,0,True,True,
44,2022-02-23,26.459999084472656,26.459999084472656,24.540000915527344,24.690000534057617,24.690000534057617,1252900,0,0,,,0,True,True,
45,2022-02-24,23.799999237060547,25.920000076293945,23.709999084472656,25.81999969482422,25.81999969482422,1465400,2,0,,,0,True,True,26.5
46,2022-02-25,25.56999969482422,25.96999931335449,24.940000534057617,25.63999938964844,25.63999938964844,870100,0,0,,,0,False,True,
47,2022-02-28,25.459999084472656,25.739999771118164,24.84000015258789,25.40999984741211,25.40999984741211,1522900,0,0,,,0,False,True,
48,2022-03-01,24.239999771118164,25.84000015258789,24.239999771118164,25.06999969482422,25.06999969482422,1972700,0,0,,,0,False,True,
49,2022-03-02,25.030000686645508,25.549999237060547,24.51000022888184,24.65999984741211,24.65999984741211,909700,0,0,,,0,False,True,
50,2022-03-03,24.670000076293945,25.270000457763672,24.1299991607666,24.36000061035156,24.36000061035156,1013100,0,0,,,0,False,True,
51,2022-03-04,24.13999938964844,24.40999984741211,23.649999618530277,24.040000915527344,24.040000915527344,1144200,0,1,24.254285714285714,2,0,False,True,
52,2022-03-07,23.90999984741211,24.6200008392334,23.82999992370605,24.399999618530277,24.399999618530277,1074300,0,2,24.254285714285714,2,0,False,True,
53,2022-03-08,24.149999618530277,24.399999618530277,22.780000686645508,23.399999618530277,23.399999618530277,1491800,2,1,24.254285714285714,2,0,False,True,26.5
54,2022-03-09,23.899999618530277,27.15999984741211,23.670000076293945,25.780000686645508,25.780000686645508,3817400,1,2,24.254285714285714,2,0,False,True,24.399999618530277
55,2022-03-10,25.299999237060547,25.75,24.13999938964844,24.559999465942383,24.559999465942383,1682200,0,2,24.254285714285714,3,0,False,False,
56,2022-03-11,24.59000015258789,25.01000022888184,23.049999237060547,23.18000030517578,23.18000030517578,1302100,0,1,24.254285714285714,2,0,False,False,
57,2022-03-14,23.020000457763672,23.399999618530277,21.979999542236328,22.270000457763672,22.270000457763672,1750600,0,1,24.254285714285714,3,0,False,False,
58,2022-03-15,22.440000534057617,23.059999465942383,21.76000022888184,23.049999237060547,23.049999237060547,1571600,2,1,24.254285714285714,4,0,True,False,23.670000076293945
59,2022-03-16,24.36000061035156,24.8700008392334,22.75,23.600000381469727,23.600000381469727,2042300,0,1,24.254285714285714,5,0,True,False,
60,2022-03-17,23.61000061035156,23.989999771118164,23.36000061035156,23.86000061035156,23.86000061035156,1249400,0,0,,,0,True,False,
61,2022-03-18,24.190000534057617,25.82999992370605,23.88999938964844,25.3799991607666,25.3799991607666,2697700,0,2,24.254285714285714,2,0,True,False,
62,2022-03-21,25.270000457763672,26.200000762939453,25.030000686645508,25.549999237060547,25.549999237060547,1430500,0,2,24.254285714285714,3,0,True,False,
63,2022-03-22,25.56999969482422,26.440000534057617,25.350000381469727,26.38999938964844,26.38999938964844,1278500,0,2,24.254285714285714,4,0,True,False,
64,2022-03-23,26.170000076293945,26.549999237060547,25.56999969482422,25.68000030517578,25.68000030517578,919100,0,2,24.254285714285714,5,0,True,False,
65,2022-03-24,26.06999969482422,27.38999938964844,25.959999084472656,27.149999618530277,27.149999618530277,1327200,1,0,,,0,True,False,23.059999465942383
66,2022-03-25,27.239999771118164,27.270000457763672,26.26000022888184,26.88999938964844,26.88999938964844,1056100,0,0,,,0,True,False,
67,2022-03-28,26.700000762939453,27.3700008392334,24.149999618530277,24.649999618530277,24.649999618530277,2112900,0,0,,,0,True,False,
68,2022-03-29,24.700000762939453,25.540000915527344,24.700000762939453,25.31999969482422,25.31999969482422,1201500,0,0,,,0,True,False,
69,2022-03-30,25.34000015258789,25.549999237060547,24.31999969482422,24.40999984741211,24.40999984741211,924000,0,0,,,0,True,False,
70,2022-03-31,24.5,24.700000762939453,23.93000030517578,24.21999931335449,24.21999931335449,1461100,2,1,24.254285714285714,2,0,True,False,25.959999084472656
71,2022-04-01,24.270000457763672,25.600000381469727,24.15999984741211,25.559999465942383,25.559999465942383,1486400,0,2,24.254285714285714,2,0,False,False,
72,2022-04-04,25.81999969482422,26.290000915527344,25.51000022888184,26.21999931335449,26.21999931335449,1116900,0,2,24.254285714285714,3,0,False,False,
73,2022-04-05,26.21999931335449,26.68000030517578,25.6299991607666,25.75,25.75,890900,0,2,24.254285714285714,4,0,False,False,
74,2022-04-06,25.81999969482422,27.51000022888184,25.780000686645508,27.21999931335449,27.21999931335449,2260300,0,2,24.254285714285714,5,0,False,False,
75,2022-04-07,27.059999465942383,28.059999465942383,26.6299991607666,27.059999465942383,27.059999465942383,1880100,1,0,,,0,False,True,24.700000762939453
76,2022-04-08,27.049999237060547,27.559999465942383,25.979999542236328,26.0,26.0,1179000,0,0,,,0,False,True,
77,2022-04-11,25.61000061035156,25.770000457763672,23.59000015258789,23.6200008392334,23.6200008392334,1302900,0,1,24.254285714285714,2,0,False,True,
78,2022-04-12,23.780000686645508,24.18000030517578,23.020000457763672,23.399999618530277,23.399999618530277,1299700,0,1,24.254285714285714,3,0,False,True,
79,2022-04-13,23.51000022888184,24.739999771118164,23.51000022888184,24.43000030517578,24.43000030517578,3023600,0,2,24.254285714285714,2,0,False,True,
80,2022-04-14,24.229999542236328,24.299999237060547,23.450000762939453,23.46999931335449,23.46999931335449,1182000,0,1,24.254285714285714,2,0,False,True,
81,2022-04-18,23.540000915527344,23.540000915527344,22.299999237060547,22.40999984741211,22.40999984741211,1010100,0,1,24.254285714285714,3,0,False,True,
82,2022-04-19,21.530000686645508,22.1299991607666,21.0,21.71999931335449,21.71999931335449,2517700,0,1,24.254285714285714,4,0,False,True,
83,2022-04-20,21.850000381469727,22.71999931335449,21.270000457763672,22.31999969482422,22.31999969482422,2578400,0,1,24.254285714285714,5,0,False,True,
84,2022-04-21,22.709999084472656,22.709999084472656,21.25,21.34000015258789,21.34000015258789,1697000,0,0,,,0,False,True,
85,2022-04-22,21.32999992370605,21.43000030517578,20.350000381469727,20.43000030517578,20.43000030517578,1467400,0,1,21.10625,2,0,False,True,
86,2022-04-25,20.1299991607666,20.46999931335449,19.729999542236328,20.26000022888184,20.26000022888184,1441500,0,1,21.10625,3,0,False,True,
87,2022-04-26,20.049999237060547,20.209999084472656,18.76000022888184,18.940000534057617,18.940000534057617,2144300,0,1,21.10625,4,0,False,True,
88,2022-04-27,19.0,19.56999969482422,18.700000762939453,18.989999771118164,18.989999771118164,1818000,0,1,21.10625,5,0,False,True,
89,2022-04-28,19.43000030517578,19.57999992370605,18.350000381469727,18.959999084472656,18.959999084472656,2163200,0,0,,,0,False,True,
90,2022-04-29,18.8799991607666,19.229999542236328,18.399999618530277,18.440000534057617,18.440000534057617,1443900,0,0,,,0,False,True,
91,2022-05-02,18.18000030517578,19.56999969482422,18.18000030517578,19.540000915527344,19.540000915527344,2091900,2,0,,,0,False,True,26.6299991607666
92,2022-05-03,19.56999969482422,20.5,19.450000762939453,19.809999465942383,19.809999465942383,1738000,1,0,,,0,False,True,19.56999969482422
93,2022-05-04,19.950000762939453,19.950000762939453,18.899999618530277,19.88999938964844,19.88999938964844,1417100,0,0,,,0,False,True,
94,2022-05-05,19.51000022888184,19.8799991607666,18.709999084472656,18.82999992370605,18.82999992370605,1622200,0,0,,,0,False,True,
95,2022-05-06,18.540000915527344,18.6299991607666,17.649999618530273,17.8799991607666,17.8799991607666,2028400,0,0,,,0,False,True,
96,2022-05-09,17.450000762939453,17.760000228881836,16.309999465942383,16.3799991607666,16.3799991607666,2554200,0,1,17.7232,2,0,False,True,
97,2022-05-10,17.31999969482422,17.739999771118164,16.209999084472656,16.84000015258789,16.84000015258789,1802100,0,1,17.7232,3,0,False,True,
98,2022-05-11,16.639999389648438,16.8700008392334,15.15999984741211,15.289999961853027,15.289999961853027,2026200,2,1,17.7232,4,0,False,True,19.450000762939453
99,2022-05-12,15.229999542236328,16.030000686645508,15.15999984741211,16.030000686645508,16.030000686645508,2191000,2,1,17.7232,5,0,True,True,19.450000762939453
100,2022-05-13,16.360000610351562,16.93000030517578,16.18000030517578,16.850000381469727,16.850000381469727,2642200,0,0,,,0,True,True,
101,2022-05-16,16.799999237060547,17.030000686645508,16.389999389648438,16.600000381469727,16.600000381469727,1183800,0,0,,,0,True,True,
102,2022-05-17,17.030000686645508,17.229999542236328,16.610000610351562,17.049999237060547,17.049999237060547,1408000,1,0,,,0,True,True,16.030000686645508
103,2022-05-18,16.559999465942383,16.790000915527344,15.789999961853027,16.040000915527344,16.040000915527344,1322000,2,0,,,0,True,True,16.610000610351562
104,2022-05-19,16.06999969482422,17.1200008392334,16.06999969482422,16.829999923706055,16.829999923706055,1627800,0,0,,,0,False,True,
105,2022-05-20,17.010000228881836,17.209999084472656,16.260000228881836,17.110000610351562,17.110000610351562,1308500,0,0,,,0,False,True,
106,2022-05-23,17.329999923706055,17.43000030517578,16.479999542236328,16.790000915527344,16.790000915527344,1171300,1,0,,,0,False,True,16.790000915527344
107,2022-05-24,16.649999618530273,16.93000030517578,15.880000114440918,15.979999542236328,15.979999542236328,1483100,0,0,,,0,False,True,
108,2022-05-25,16.020000457763672,16.290000915527344,15.449999809265137,15.960000038146973,15.960000038146973,991800,2,0,,,0,True,True,16.479999542236328
109,2022-05-26,15.93000030517578,16.469999313354492,15.649999618530272,16.229999542236328,16.229999542236328,1621800,0,0,,,0,True,True,
110,2022-05-27,16.229999542236328,17.110000610351562,15.920000076293944,17.079999923706055,17.079999923706055,1327800,1,0,,,0,True,True,16.290000915527344
111,2022-05-31,16.93000030517578,17.020000457763672,16.110000610351562,16.149999618530273,16.149999618530273,1756100,0,0,,,0,True,False,
112,2022-06-01,16.239999771118164,16.860000610351562,15.859999656677246,16.3700008392334,16.3700008392334,1454300,0,0,,,0,True,False,
113,2022-06-02,16.15999984741211,16.450000762939453,15.920000076293944,16.209999084472656,16.209999084472656,1596900,0,0,,,0,True,False,
114,2022-06-03,16.15999984741211,17.940000534057617,16.110000610351562,17.899999618530273,17.899999618530273,2681300,0,2,17.7232,2,0,True,False,
115,2022-06-06,18.020000457763672,18.26000022888184,16.709999084472656,16.93000030517578,16.93000030517578,1521500,0,1,17.7232,2,0,True,False,
116,2022-06-07,16.780000686645508,18.36000061035156,16.780000686645508,18.270000457763672,18.270000457763672,1888500,0,2,17.7232,2,0,True,False,
117,2022-06-08,18.06999969482422,18.46999931335449,17.920000076293945,18.1200008392334,18.1200008392334,1230400,1,2,17.7232,3,0,True,True,16.290000915527344
118,2022-06-09,17.90999984741211,18.07999992370605,17.360000610351562,17.43000030517578,17.43000030517578,1277000,0,1,17.7232,2,0,True,True,
119,2022-06-10,17.15999984741211,17.34000015258789,16.700000762939453,17.09000015258789,17.09000015258789,2038700,0,1,17.7232,3,0,True,True,
120,2022-06-13,16.549999237060547,16.799999237060547,15.890000343322754,16.770000457763672,16.770000457763672,2795700,0,1,17.7232,4,0,True,True,
121,2022-06-14,16.8700008392334,16.920000076293945,15.529999732971191,16.25,16.25,2507300,2,1,17.7232,5,0,True,True,17.920000076293945
122,2022-06-15,17.389999389648438,19.57999992370605,17.139999389648438,18.770000457763672,18.770000457763672,20608400,0,2,17.7232,2,0,False,True,
123,2022-06-16,18.530000686645508,20.350000381469727,17.889999389648438,19.51000022888184,19.51000022888184,7927500,1,2,17.7232,3,0,False,True,16.920000076293945
124,2022-06-17,19.51000022888184,19.51000022888184,19.51000022888184,19.51000022888184,19.51000022888184,0,0,2,17.7232,4,0,False,True,
125,2022-06-21,13.199999809265137,13.260000228881836,12.239999771118164,13.010000228881836,13.010000228881836,22269000,2,1,15.097916666666666,2,0,True,True,17.889999389648438
126,2022-06-22,12.75,13.609999656677246,12.68000030517578,13.43000030517578,13.43000030517578,5888800,0,1,15.097916666666666,3,0,True,True,
127,2022-06-23,13.4399995803833,14.859999656677246,13.380000114440918,14.720000267028809,14.720000267028809,5568000,0,1,15.097916666666666,4,0,True,True,
128,2022-06-24,14.84000015258789,15.479999542236328,14.350000381469728,14.979999542236328,14.979999542236328,3829900,1,1,15.097916666666666,5,0,True,True,13.260000228881836
129,2022-06-27,14.880000114440918,15.25,14.600000381469728,14.640000343322754,14.640000343322754,2365100,0,0,,,0,True,False,
130,2022-06-28,14.619999885559082,14.720000267028809,13.869999885559082,14.0,14.0,2721400,0,0,,,0,True,False,
131,2022-06-29,14.039999961853027,14.369999885559082,13.890000343322754,14.220000267028809,14.220000267028809,1844600,0,0,,,0,True,False,
132,2022-06-30,14.029999732971191,14.3100004196167,13.93000030517578,14.09000015258789,14.09000015258789,1592200,0,0,,,0,True,False,
133,2022-07-01,14.0600004196167,14.5,13.979999542236328,14.369999885559082,14.369999885559082,1576000,0,0,,,0,True,False,
134,2022-07-05,14.289999961853027,15.279999732971191,14.149999618530272,15.270000457763672,15.270000457763672,2207400,0,2,15.097916666666666,2,0,True,False,
135,2022-07-06,15.170000076293944,15.609999656677246,14.989999771118164,15.119999885559082,15.119999885559082,1838400,0,2,15.097916666666666,3,0,True,False,
136,2022-07-07,15.050000190734863,15.859999656677246,14.920000076293944,15.710000038146973,15.710000038146973,2212800,0,2,15.097916666666666,4,0,True,False,
137,2022-07-08,15.539999961853027,15.960000038146973,15.369999885559082,15.739999771118164,15.739999771118164,1616000,0,2,15.097916666666666,5,0,True,False,
138,2022-07-11,15.710000038146973,16.270000457763672,15.59000015258789,15.920000076293944,15.920000076293944,1989100,1,0,,,0,True,True,13.260000228881836
139,2022-07-12,15.829999923706056,16.040000915527344,15.170000076293944,15.529999732971191,15.529999732971191,2389900,0,0,,,0,True,True,
140,2022-07-13,15.279999732971191,16.190000534057617,15.1899995803833,15.989999771118164,15.989999771118164,1536300,0,0,,,0,True,True,
141,2022-07-14,15.899999618530272,15.949999809265137,15.619999885559082,15.739999771118164,15.739999771118164,1771800,0,0,,,0,True,True,
142,2022-07-15,15.800000190734863,15.800000190734863,15.0600004196167,15.279999732971191,15.279999732971191,3163600,0,0,,,0,True,True,
143,2022-07-18,15.380000114440918,15.739999771118164,14.960000038146973,15.010000228881836,15.010000228881836,1855400,0,1,15.097916666666666,2,0,True,True,
144,2022-07-19,15.229999542236328,15.520000457763672,14.949999809265137,15.470000267028809,15.470000267028809,2493000,0,2,15.097916666666666,2,0,True,True,
145,2022-07-20,15.390000343322754,15.600000381469728,14.960000038146973,15.09000015258789,15.09000015258789,1480400,0,1,15.097916666666666,2,0,True,True,
146,2022-07-21,15.029999732971191,15.25,14.710000038146973,14.979999542236328,14.979999542236328,965500,0,1,15.097916666666666,3,0,True,True,
147,2022-07-22,15.020000457763672,15.020000457763672,14.390000343322754,14.420000076293944,14.420000076293944,1224800,0,1,15.097916666666666,4,0,True,True,
148,2022-07-25,14.43000030517578,14.479999542236328,13.859999656677246,14.229999542236328,14.229999542236328,1281100,2,1,15.097916666666666,5,0,True,True,15.59000015258789
149,2022-07-26,14.270000457763672,14.489999771118164,14.079999923706056,14.15999984741211,14.15999984741211,1095100,0,0,,,0,True,True,
150,2022-07-27,14.210000038146973,14.800000190734863,14.050000190734863,14.770000457763672,14.770000457763672,1335200,0,0,,,0,True,True,
151,2022-07-28,14.789999961853027,14.850000381469728,14.3100004196167,14.579999923706056,14.579999923706056,1075200,0,0,,,0,True,True,
152,2022-07-29,14.520000457763672,14.739999771118164,14.18000030517578,14.6899995803833,14.6899995803833,1352400,0,0,,,0,True,True,
153,2022-08-01,14.5600004196167,14.960000038146973,14.079999923706056,14.109999656677246,14.109999656677246,1968300,0,0,,,0,True,True,
154,2022-08-02,14.079999923706056,15.0600004196167,13.800000190734863,15.010000228881836,15.010000228881836,1426000,2,0,,,0,True,True,15.59000015258789
155,2022-08-03,15.380000114440918,15.8100004196167,14.93000030517578,14.970000267028809,14.970000267028809,2179600,0,0,,,0,True,True,
156,2022-08-04,15.260000228881836,15.720000267028809,14.890000343322754,15.619999885559082,15.619999885559082,1803100,0,2,15.097916666666666,2,0,True,True,
157,2022-08-05,15.210000038146973,16.969999313354492,14.949999809265137,16.440000534057617,16.440000534057617,4046200,1,2,15.097916666666666,3,0,True,True,15.0600004196167
158,2022-08-08,16.030000686645508,16.969999313354492,16.030000686645508,16.6200008392334,16.6200008392334,2062200,1,2,15.097916666666666,4,0,True,False,15.0600004196167
159,2022-08-09,16.600000381469727,16.829999923706055,15.210000038146973,16.219999313354492,16.219999313354492,3035200,0,2,15.097916666666666,5,0,True,False,
160,2022-08-10,16.579999923706055,16.65999984741211,15.649999618530272,16.149999618530273,16.149999618530273,1596100,0,0,,,0,True,False,
161,2022-08-11,16.110000610351562,16.280000686645508,15.5600004196167,15.739999771118164,15.739999771118164,1443800,0,0,,,0,True,False,
162,2022-08-12,15.880000114440918,16.43000030517578,15.729999542236328,16.399999618530273,16.399999618530273,1370100,0,0,,,0,True,False,
163,2022-08-15,16.329999923706055,16.68000030517578,16.139999389648438,16.600000381469727,16.600000381469727,1284800,0,0,,,0,True,False,
164,2022-08-16,16.600000381469727,16.989999771118164,16.31999969482422,16.959999084472656,16.959999084472656,1706400,0,0,,,0,True,False,
165,2022-08-17,16.809999465942383,17.43000030517578,16.729999542236328,17.059999465942383,17.059999465942383,1668300,0,0,,,0,True,False,
166,2022-08-18,17.139999389648438,17.670000076293945,16.969999313354492,17.3700008392334,17.3700008392334,1621400,1,0,,,0,True,True,15.0600004196167
167,2022-08-19,17.219999313354492,17.3700008392334,16.610000610351562,16.90999984741211,16.90999984741211,1196300,0,0,,,0,True,True,
168,2022-08-22,16.8799991607666,17.360000610351562,16.670000076293945,16.75,16.75,1449600,0,0,,,0,True,True,
169,2022-08-23,16.81999969482422,17.1200008392334,16.6200008392334,16.8799991607666,16.8799991607666,1303600,0,0,,,0,True,True,
170,2022-08-24,16.8799991607666,17.299999237060547,16.6299991607666,17.139999389648438,17.139999389648438,949500,0,0,,,0,True,True,
171,2022-08-25,17.280000686645508,17.360000610351562,16.6200008392334,16.84000015258789,16.84000015258789,913700,1,0,,,0,True,True,15.0600004196167
172,2022-08-26,16.969999313354492,17.110000610351562,16.5,16.530000686645508,16.530000686645508,1669400,0,0,,,0,True,False,
173,2022-08-29,16.31999969482422,16.809999465942383,16.200000762939453,16.469999313354492,16.469999313354492,1322100,0,0,,,0,True,False,
174,2022-08-30,16.540000915527344,16.610000610351562,15.65999984741211,16.1200008392334,16.1200008392334,1531700,2,0,,,0,True,False,16.6200008392334
175,2022-08-31,16.299999237060547,16.739999771118164,16.229999542236328,16.43000030517578,16.43000030517578,1051500,0,0,,,0,True,False,
176,2022-09-01,16.3799991607666,16.8700008392334,16.15999984741211,16.8700008392334,16.8700008392334,1153400,0,0,,,0,True,False,
177,2022-09-02,16.8700008392334,17.31999969482422,16.579999923706055,16.729999542236328,16.729999542236328,1251700,0,0,,,0,True,False,
178,2022-09-06,16.559999465942383,16.639999389648438,16.059999465942383,16.1299991607666,16.1299991607666,1266800,2,0,,,0,True,False,16.6200008392334
179,2022-09-07,16.1200008392334,16.850000381469727,16.09000015258789,16.850000381469727,16.850000381469727,1520200,0,0,,,0,True,False,
180,2022-09-08,16.799999237060547,17.43000030517578,16.799999237060547,17.420000076293945,17.420000076293945,1474900,0,0,,,0,True,False,
181,2022-09-09,17.459999084472656,17.489999771118164,17.219999313354492,17.3799991607666,17.3799991607666,936200,0,0,,,0,True,False,
182,2022-09-12,17.360000610351562,18.25,17.25,17.90999984741211,17.90999984741211,1579100,0,2,17.7232,2,0,True,False,
183,2022-09-13,17.6200008392334,17.809999465942383,16.770000457763672,16.899999618530273,16.899999618530273,1449000,0,1,17.7232,2,0,True,False,
184,2022-09-14,16.93000030517578,17.459999084472656,16.65999984741211,17.43000030517578,17.43000030517578,1414400,2,1,17.7232,3,0,True,False,16.6200008392334
185,2022-09-15,17.299999237060547,18.280000686645508,17.270000457763672,18.270000457763672,18.270000457763672,2382600,0,2,17.7232,2,0,False,False,
186,2022-09-16,17.969999313354492,18.1299991607666,17.559999465942383,18.020000457763672,18.020000457763672,2729500,0,2,17.7232,3,0,False,False,
187,2022-09-19,17.770000457763672,17.920000076293945,17.549999237060547,17.8700008392334,17.8700008392334,1895100,0,2,17.7232,4,0,False,False,
188,2022-09-20,17.719999313354492,18.309999465942383,17.5,18.15999984741211,18.15999984741211,1664500,1,2,17.7232,5,0,False,True,17.459999084472656
189,2022-09-21,18.25,18.290000915527344,17.040000915527344,17.06999969482422,17.06999969482422,1972100,0,1,17.7232,2,0,False,True,
190,2022-09-22,16.950000762939453,17.200000762939453,16.600000381469727,16.989999771118164,16.989999771118164,1260900,0,1,17.7232,3,0,False,True,
191,2022-09-23,16.84000015258789,16.979999542236328,16.399999618530273,16.75,16.75,1331100,0,1,17.7232,4,0,False,True,
192,2022-09-26,16.75,17.280000686645508,16.260000228881836,16.280000686645508,16.280000686645508,1088100,0,1,17.7232,5,0,False,True,
193,2022-09-27,16.450000762939453,17.139999389648438,16.450000762939453,16.729999542236328,16.729999542236328,1547700,0,0,,,0,False,True,
194,2022-09-28,16.969999313354492,17.450000762939453,16.559999465942383,16.790000915527344,16.790000915527344,1624900,1,0,,,0,False,True,17.459999084472656
195,2022-09-29,16.670000076293945,16.709999084472656,15.9399995803833,16.139999389648438,16.139999389648438,1535500,2,0,,,0,False,False,16.559999465942383
196,2022-09-30,16.049999237060547,16.6200008392334,16.0,16.360000610351562,16.360000610351562,1460500,0,0,,,0,False,False,
197,2022-10-03,16.6200008392334,17.149999618530273,16.309999465942383,17.040000915527344,17.040000915527344,1258400,0,0,,,0,False,False,
198,2022-10-04,17.239999771118164,18.07999992370605,17.170000076293945,18.059999465942383,18.059999465942383,1905400,0,2,17.7232,2,0,False,False,
199,2022-10-05,17.940000534057617,18.149999618530277,17.6299991607666,18.049999237060547,18.049999237060547,1237600,0,2,17.7232,3,0,False,False,
200,2022-10-06,18.149999618530277,18.780000686645508,18.0,18.6299991607666,18.6299991607666,1682700,1,2,17.7232,4,0,False,True,16.709999084472656
201,2022-10-07,18.21999931335449,18.270000457763672,16.030000686645508,16.290000915527344,16.290000915527344,2891100,0,1,17.7232,2,0,False,True,
202,2022-10-10,16.280000686645508,16.469999313354492,15.960000038146973,16.1200008392334,16.1200008392334,842100,0,1,17.7232,3,0,False,True,
203,2022-10-11,16.049999237060547,16.360000610351562,15.520000457763672,15.880000114440918,15.880000114440918,1581100,0,1,17.7232,4,0,False,True,
204,2022-10-12,15.93000030517578,15.989999771118164,15.5600004196167,15.649999618530272,15.649999618530272,1232400,0,1,17.7232,5,0,False,True,
205,2022-10-13,15.130000114440918,16.229999542236328,15.079999923706056,16.15999984741211,16.15999984741211,1303800,2,0,,,0,False,True,18.0
206,2022-10-14,16.239999771118164,16.610000610351562,15.68000030517578,15.720000267028809,15.720000267028809,1108100,1,0,,,0,False,True,16.229999542236328
207,2022-10-17,15.880000114440918,16.110000610351562,15.789999961853027,15.960000038146973,15.960000038146973,1330100,0,0,,,0,False,True,
208,2022-10-18,16.209999084472656,16.440000534057617,15.880000114440918,16.030000686645508,16.030000686645508,1200400,0,0,,,0,False,True,
209,2022-10-19,15.649999618530272,16.010000228881836,15.289999961853027,15.600000381469728,15.600000381469728,2212900,2,0,,,0,True,True,15.68000030517578
210,2022-10-20,15.640000343322754,15.989999771118164,15.600000381469728,15.68000030517578,15.68000030517578,1058800,0,0,,,0,True,True,
211,2022-10-21,15.68000030517578,15.9399995803833,15.369999885559082,15.880000114440918,15.880000114440918,1868900,0,0,,,0,True,True,
212,2022-10-24,15.9399995803833,15.979999542236328,15.479999542236328,15.510000228881836,15.510000228881836,1576600,0,0,,,0,True,True,
213,2022-10-25,15.609999656677246,15.899999618530272,15.600000381469728,15.720000267028809,15.720000267028809,1298800,0,0,,,0,True,True,
214,2022-10-26,15.720000267028809,16.229999542236328,15.6899995803833,16.010000228881836,16.010000228881836,1109800,0,0,,,0,True,True,
215,2022-10-27,16.100000381469727,16.309999465942383,15.619999885559082,15.699999809265137,15.699999809265137,968800,0,0,,,0,True,True,
216,2022-10-28,15.760000228881836,16.18000030517578,15.550000190734863,16.1299991607666,16.1299991607666,1229500,2,0,,,0,True,True,15.68000030517578
217,2022-10-31,16.030000686645508,16.299999237060547,15.859999656677246,16.030000686645508,16.030000686645508,1476600,0,0,,,0,False,True,
218,2022-11-01,16.110000610351562,16.34000015258789,15.859999656677246,15.859999656677246,15.859999656677246,1201700,0,0,,,0,False,True,
219,2022-11-02,15.670000076293944,16.780000686645508,15.670000076293944,15.93000030517578,15.93000030517578,1577800,1,0,,,0,False,True,16.18000030517578
220,2022-11-03,15.489999771118164,15.829999923706056,14.289999961853027,14.81999969482422,14.81999969482422,3591500,0,1,15.097916666666666,2,0,False,False,
221,2022-11-04,14.270000457763672,14.670000076293944,13.729999542236328,14.670000076293944,14.670000076293944,3422100,2,1,15.097916666666666,3,0,True,False,15.670000076293944
222,2022-11-07,14.779999732971191,14.890000343322754,14.43000030517578,14.489999771118164,14.489999771118164,1231800,0,1,15.097916666666666,4,0,True,False,
223,2022-11-08,14.600000381469728,15.449999809265137,14.449999809265137,15.300000190734863,15.300000190734863,1576100,0,2,15.097916666666666,2,0,True,False,
224,2022-11-09,15.210000038146973,15.460000038146973,14.9399995803833,14.960000038146973,14.960000038146973,1090900,0,1,15.097916666666666,2,0,True,False,
225,2022-11-10,15.630000114440918,16.520000457763672,15.369999885559082,16.420000076293945,16.420000076293945,1941200,0,2,15.097916666666666,2,0,True,False,
226,2022-11-11,16.3700008392334,16.59000015258789,15.93000030517578,16.389999389648438,16.389999389648438,1097500,1,2,15.097916666666666,3,0,True,True,14.670000076293944
227,2022-11-14,16.31999969482422,16.510000228881836,15.90999984741211,15.920000076293944,15.920000076293944,875400,0,2,15.097916666666666,4,0,True,True,
228,2022-11-15,16.309999465942383,16.440000534057617,15.329999923706056,15.6899995803833,15.6899995803833,1240900,0,2,15.097916666666666,5,0,True,True,
229,2022-11-16,15.760000228881836,15.81999969482422,15.15999984741211,15.1899995803833,15.1899995803833,1029000,0,0,,,0,True,True,
230,2022-11-17,15.06999969482422,15.119999885559082,14.800000190734863,14.979999542236328,14.979999542236328,693800,0,1,15.097916666666666,2,0,True,True,
231,2022-11-18,15.3100004196167,15.420000076293944,15.0,15.149999618530272,15.149999618530272,757200,0,2,15.097916666666666,2,0,True,True,
232,2022-11-21,15.270000457763672,15.270000457763672,14.68000030517578,14.779999732971191,14.779999732971191,716000,0,1,15.097916666666666,2,0,True,True,
233,2022-11-22,14.899999618530272,15.119999885559082,14.619999885559082,15.039999961853027,15.039999961853027,773000,2,1,15.097916666666666,3,0,True,True,15.93000030517578
234,2022-11-23,14.989999771118164,15.260000228881836,14.68000030517578,15.0,15.0,789000,0,1,15.097916666666666,4,0,False,True,
235,2022-11-25,15.039999961853027,15.539999961853027,14.989999771118164,15.109999656677246,15.109999656677246,316900,0,2,15.097916666666666,2,0,False,True,
236,2022-11-28,15.0,15.140000343322754,14.699999809265137,14.770000457763672,14.770000457763672,1098900,0,1,15.097916666666666,2,0,False,True,
237,2022-11-29,14.720000267028809,14.920000076293944,14.5600004196167,14.670000076293944,14.670000076293944,1144900,2,1,15.097916666666666,3,0,False,True,15.93000030517578
238,2022-11-30,14.75,15.59000015258789,14.649999618530272,15.579999923706056,15.579999923706056,1309000,0,2,15.097916666666666,2,0,False,True,
239,2022-12-01,15.600000381469728,15.75,15.06999969482422,15.34000015258789,15.34000015258789,815300,0,2,15.097916666666666,3,0,False,True,
240,2022-12-02,15.18000030517578,15.90999984741211,15.0600004196167,15.760000228881836,15.760000228881836,721000,1,2,15.097916666666666,4,0,False,True,14.920000076293944
241,2022-12-05,15.619999885559082,15.630000114440918,15.0600004196167,15.239999771118164,15.239999771118164,1083100,0,2,15.097916666666666,5,0,False,False,
242,2022-12-06,15.170000076293944,15.1899995803833,14.789999961853027,14.899999618530272,14.899999618530272,883200,0,1,15.097916666666666,2,0,False,False,
243,2022-12-07,14.93000030517578,15.0600004196167,14.65999984741211,14.65999984741211,14.65999984741211,600400,0,1,15.097916666666666,3,0,False,False,
244,2022-12-08,14.720000267028809,14.84000015258789,14.449999809265137,14.630000114440918,14.630000114440918,859700,2,1,15.097916666666666,4,0,True,False,15.0600004196167
245,2022-12-09,14.59000015258789,14.729999542236328,14.479999542236328,14.489999771118164,14.489999771118164,1083800,0,1,15.097916666666666,5,0,True,False,
246,2022-12-12,14.529999732971191,15.65999984741211,14.479999542236328,15.510000228881836,15.510000228881836,1451900,0,2,15.097916666666666,2,0,True,False,
247,2022-12-13,15.789999961853027,16.040000915527344,15.4399995803833,15.81999969482422,15.81999969482422,1274700,0,2,15.097916666666666,3,0,True,False,
248,2022-12-14,15.699999809265137,16.1299991607666,15.479999542236328,15.779999732971191,15.779999732971191,1053600,1,2,15.097916666666666,4,0,True,True,14.84000015258789
249,2022-12-15,15.630000114440918,15.75,14.90999984741211,15.06999969482422,15.06999969482422,1256700,0,1,15.097916666666666,2,0,True,True,
250,2022-12-16,14.93000030517578,15.5,14.869999885559082,15.390000343322754,15.390000343322754,1819800,0,2,15.097916666666666,2,0,True,True,
251,2022-12-19,15.390000343322754,15.479999542236328,14.880000114440918,15.100000381469728,15.100000381469728,1054900,0,2,15.097916666666666,3,0,True,True,
252,2022-12-20,15.0,15.550000190734863,14.800000190734863,15.449999809265137,15.449999809265137,936500,2,2,15.097916666666666,4,0,True,True,15.479999542236328
253,2022-12-21,15.470000267028809,15.65999984741211,15.100000381469728,15.3100004196167,15.3100004196167,1155200,0,2,15.097916666666666,5,0,True,True,
254,2022-12-22,15.15999984741211,15.829999923706056,15.0600004196167,15.81999969482422,15.81999969482422,1356800,1,0,,,0,True,True,15.550000190734863
255,2022-12-23,15.739999771118164,15.829999923706056,15.369999885559082,15.470000267028809,15.470000267028809,1435100,0,0,,,0,True,False,
256,2022-12-27,15.510000228881836,15.609999656677246,15.260000228881836,15.300000190734863,15.300000190734863,709600,0,0,,,0,True,False,
257,2022-12-28,15.329999923706056,15.710000038146973,15.079999923706056,15.279999732971191,15.279999732971191,804700,0,0,,,0,True,False,
258,2022-12-29,15.4399995803833,16.200000762939453,15.25,15.949999809265137,15.949999809265137,1005300,0,0,,,0,True,False,
259,2022-12-30,15.800000190734863,15.979999542236328,15.539999961853027,15.920000076293944,15.920000076293944,814600,0,0,,,0,True,False,
260,2023-01-03,16.549999237060547,16.700000762939453,15.770000457763672,16.31999969482422,16.31999969482422,1030300,0,0,,,0,True,False,
261,2023-01-04,16.399999618530273,17.1200008392334,16.399999618530273,17.100000381469727,17.100000381469727,1319600,0,0,,,0,True,False,
262,2023-01-05,17.0,17.270000457763672,16.760000228881836,17.219999313354492,17.219999313354492,866000,0,0,,,0,True,False,
263,2023-01-06,17.3700008392334,17.56999969482422,17.040000915527344,17.299999237060547,17.299999237060547,1261500,1,0,,,0,True,False,15.550000190734863
264,2023-01-09,17.1299991607666,17.219999313354492,16.700000762939453,16.860000610351562,16.860000610351562,1365800,0,0,,,0,True,False,
265,2023-01-10,16.860000610351562,17.450000762939453,16.780000686645508,17.299999237060547,17.299999237060547,950000,0,0,,,0,True,False,
266,2023-01-11,17.219999313354492,17.219999313354492,16.739999771118164,17.020000457763672,17.020000457763672,891600,0,0,,,0,True,False,
267,2023-01-12,17.030000686645508,18.38999938964844,16.81999969482422,18.34000015258789,18.34000015258789,1536400,0,2,17.7232,2,0,True,False,
268,2023-01-13,18.149999618530277,18.770000457763672,18.149999618530277,18.399999618530277,18.399999618530277,1592000,1,2,17.7232,3,0,True,False,15.550000190734863
269,2023-01-17,18.280000686645508,18.32999992370605,17.760000228881836,18.049999237060547,18.049999237060547,1044400,0,2,17.7232,4,0,True,False,
270,2023-01-18,18.1200008392334,18.489999771118164,17.889999389648438,17.969999313354492,17.969999313354492,1276700,0,2,17.7232,5,0,True,False,
271,2023-01-19,17.850000381469727,18.5,17.850000381469727,18.479999542236328,18.479999542236328,968800,0,0,,,0,True,False,
272,2023-01-20,18.670000076293945,19.3799991607666,18.530000686645508,19.350000381469727,19.350000381469727,1988100,0,0,,,0,True,False,
273,2023-01-23,19.3799991607666,19.739999771118164,18.959999084472656,19.09000015258789,19.09000015258789,2509700,1,0,,,0,True,False,15.550000190734863
274,2023-01-24,19.01000022888184,19.540000915527344,18.8799991607666,19.0,19.0,915200,0,0,,,0,True,False,
275,2023-01-25,18.850000381469727,19.18000030517578,18.399999618530277,18.690000534057617,18.690000534057617,943900,0,0,,,0,True,False,
276,2023-01-26,18.790000915527344,18.959999084472656,18.399999618530277,18.65999984741211,18.65999984741211,1382500,0,0,,,0,True,False,
277,2023-01-27,18.56999969482422,18.770000457763672,18.38999938964844,18.56999969482422,18.56999969482422,935200,2,0,,,0,True,False,18.959999084472656
278,2023-01-30,18.549999237060547,18.729999542236328,18.420000076293945,18.530000686645508,18.530000686645508,1225300,0,0,,,0,True,False,
279,2023-01-31,18.63999938964844,19.059999465942383,18.63999938964844,19.030000686645508,19.030000686645508,1016200,0,0,,,0,True,False,
280,2023-02-01,18.96999931335449,19.149999618530277,18.76000022888184,18.93000030517578,18.93000030517578,1246500,0,0,,,0,True,False,
281,2023-02-02,19.0,19.93000030517578,18.950000762939453,19.90999984741211,19.90999984741211,1365900,0,0,,,0,True,False,
282,2023-02-03,19.540000915527344,20.11000061035156,19.530000686645508,19.82999992370605,19.82999992370605,1232900,0,0,,,0,True,False,
283,2023-02-06,19.75,20.020000457763672,19.729999542236328,19.850000381469727,19.850000381469727,1088000,0,0,,,0,True,False,
284,2023-02-07,19.81999969482422,20.18000030517578,19.739999771118164,20.11000061035156,20.11000061035156,1318400,1,0,,,0,True,True,18.770000457763672
285,2023-02-08,19.940000534057617,20.1299991607666,19.71999931335449,19.71999931335449,19.71999931335449,1647700,0,0,,,0,True,True,
286,2023-02-09,19.96999931335449,20.0,19.030000686645508,19.1299991607666,19.1299991607666,1310800,0,0,,,0,True,True,
287,2023-02-10,19.100000381469727,19.200000762939453,18.90999984741211,18.96999931335449,18.96999931335449,731400,0,0,,,0,True,True,
288,2023-02-13,18.959999084472656,19.3799991607666,18.809999465942383,19.18000030517578,19.18000030517578,590800,0,0,,,0,True,True,
289,2023-02-14,19.15999984741211,19.450000762939453,18.920000076293945,19.100000381469727,19.100000381469727,939400,0,0,,,0,True,True,
290,2023-02-15,18.989999771118164,19.299999237060547,18.63999938964844,18.96999931335449,18.96999931335449,1039000,0,0,,,0,True,True,
291,2023-02-16,18.850000381469727,18.899999618530277,18.649999618530277,18.709999084472656,18.709999084472656,1614300,0,0,,,0,True,True,
292,2023-02-17,18.780000686645508,19.38999938964844,18.520000457763672,19.3700008392334,19.3700008392334,1361400,2,0,,,0,True,True,19.739999771118164
293,2023-02-21,19.059999465942383,19.15999984741211,18.600000381469727,18.6200008392334,18.6200008392334,1628900,0,0,,,0,True,True,
294,2023-02-22,18.649999618530277,18.979999542236328,18.6299991607666,18.959999084472656,18.959999084472656,1163700,0,0,,,0,True,True,
295,2023-02-23,18.96999931335449,19.209999084472656,18.600000381469727,19.100000381469727,19.100000381469727,1006400,0,0,,,0,True,True,
296,2023-02-24,18.780000686645508,19.020000457763672,18.770000457763672,18.920000076293945,18.920000076293945,1205300,0,0,,,0,True,True,
297,2023-02-27,19.13999938964844,19.450000762939453,19.030000686645508,19.399999618530277,19.399999618530277,1757800,0,0,,,0,True,True,
298,2023-02-28,19.850000381469727,21.8700008392334,19.350000381469727,20.690000534057617,20.690000534057617,3622600,1,0,,,0,True,True,19.38999938964844
299,2023-03-01,20.790000915527344,21.290000915527344,20.5,20.920000076293945,20.920000076293945,2276200,0,0,,,0,True,False,
300,2023-03-02,20.81999969482422,20.90999984741211,20.049999237060547,20.290000915527344,20.290000915527344,2040800,0,0,,,0,True,False,
301,2023-03-03,20.51000022888184,20.540000915527344,19.96999931335449,20.34000015258789,20.34000015258789,2014200,0,0,,,0,True,False,
302,2023-03-06,20.420000076293945,20.690000534057617,19.959999084472656,20.6299991607666,20.6299991607666,1778400,2,0,,,0,True,False,19.350000381469727
303,2023-03-07,20.690000534057617,20.81999969482422,20.31999969482422,20.36000061035156,20.36000061035156,1532800,0,0,,,0,False,False,
304,2023-03-08,20.459999084472656,20.81999969482422,20.11000061035156,20.770000457763672,20.770000457763672,1433900,0,0,,,0,False,False,
305,2023-03-09,20.86000061035156,21.020000457763672,20.209999084472656,20.51000022888184,20.51000022888184,1557900,1,0,,,0,False,True,20.690000534057617
306,2023-03-10,20.809999465942383,20.809999465942383,19.96999931335449,20.3700008392334,20.3700008392334,2390100,0,0,,,0,False,True,
307,2023-03-13,20.06999969482422,20.149999618530277,18.729999542236328,19.40999984741211,19.40999984741211,6512900,2,0,,,0,False,True,20.209999084472656
308,2023-03-14,20.06999969482422,20.780000686645508,19.75,20.3799991607666,20.3799991607666,3425800,0,0,,,0,False,True,
309,2023-03-15,20.09000015258789,20.209999084472656,19.399999618530277,19.850000381469727,19.850000381469727,2102000,0,0,,,0,False,True,
310,2023-03-16,19.799999237060547,20.82999992370605,19.46999931335449,20.6200008392334,20.6200008392334,1774900,1,0,,,0,False,True,20.149999618530277
311,2023-03-17,20.43000030517578,20.43000030517578,19.71999931335449,19.799999237060547,19.799999237060547,4753300,0,0,,,0,False,True,
312,2023-03-20,19.989999771118164,20.25,19.76000022888184,19.76000022888184,19.76000022888184,1361200,0,0,,,0,False,True,
313,2023-03-21,19.899999618530277,20.030000686645508,19.32999992370605,19.450000762939453,19.450000762939453,1367400,0,0,,,0,False,True,
314,2023-03-22,19.38999938964844,19.38999938964844,18.479999542236328,18.5,18.5,1461700,0,0,,,0,False,True,
315,2023-03-23,18.71999931335449,18.850000381469727,18.11000061035156,18.31999969482422,18.31999969482422,1155800,0,0,,,0,False,True,
316,2023-03-24,18.209999084472656,18.309999465942383,17.93000030517578,18.239999771118164,18.239999771118164,1408500,2,0,,,0,False,True,19.46999931335449
317,2023-03-27,18.420000076293945,18.71999931335449,18.15999984741211,18.600000381469727,18.600000381469727,1018200,0,0,,,0,False,True,
318,2023-03-28,18.530000686645508,18.709999084472656,18.26000022888184,18.43000030517578,18.43000030517578,772400,0,0,,,0,False,True,
319,2023-03-29,18.51000022888184,18.989999771118164,18.38999938964844,18.979999542236328,18.979999542236328,1127100,0,0,,,0,False,True,
320,2023-03-30,19.100000381469727,19.100000381469727,18.399999618530277,18.700000762939453,18.700000762939453,1495400,0,0,,,0,False,True,
321,2023-03-31,18.88999938964844,19.100000381469727,18.649999618530277,18.81999969482422,18.81999969482422,1539200,0,0,,,0,False,True,
322,2023-04-03,18.68000030517578,19.06999969482422,18.65999984741211,18.93000030517578,18.93000030517578,691100,0,0,,,0,False,True,
323,2023-04-04,19.030000686645508,19.13999938964844,18.200000762939453,18.479999542236328,18.479999542236328,2253400,1,0,,,0,False,True,18.309999465942383
324,2023-04-05,18.440000534057617,18.700000762939453,18.239999771118164,18.280000686645508,18.280000686645508,882200,0,0,,,0,False,False,
325,2023-04-06,18.15999984741211,18.46999931335449,18.1200008392334,18.350000381469727,18.350000381469727,1266400,0,0,,,0,False,False,
326,2023-04-10,18.13999938964844,18.170000076293945,17.709999084472656,17.799999237060547,17.799999237060547,987500,2,0,,,0,True,False,18.200000762939453
327,2023-04-11,17.780000686645508,18.21999931335449,17.780000686645508,18.09000015258789,18.09000015258789,1691300,0,0,,,0,True,False,
328,2023-04-12,18.309999465942383,18.549999237060547,18.13999938964844,18.34000015258789,18.34000015258789,1181800,0,0,,,0,True,False,
329,2023-04-13,18.459999084472656,18.8799991607666,18.32999992370605,18.520000457763672,18.520000457763672,1523700,0,0,,,0,True,False,
330,2023-04-14,18.479999542236328,18.479999542236328,17.75,17.989999771118164,17.989999771118164,1451900,2,0,,,0,True,False,18.200000762939453
331,2023-04-17,18.1299991607666,19.459999084472656,18.07999992370605,19.3700008392334,19.3700008392334,2192800,0,0,,,0,True,False,
332,2023-04-18,19.489999771118164,19.81999969482422,19.049999237060547,19.71999931335449,19.71999931335449,1810300,0,0,,,0,True,False,
333,2023-04-19,19.63999938964844,20.170000076293945,19.530000686645508,20.020000457763672,20.020000457763672,1290900,0,0,,,0,True,False,
334,2023-04-20,19.989999771118164,20.40999984741211,19.65999984741211,19.96999931335449,19.96999931335449,1125100,1,0,,,0,True,False,18.479999542236328
335,2023-04-21,19.920000076293945,20.1200008392334,19.709999084472656,20.09000015258789,20.09000015258789,1007600,0,0,,,0,True,False,
336,2023-04-24,20.07999992370605,20.190000534057617,19.899999618530277,20.13999938964844,20.13999938964844,668300,0,0,,,0,True,False,
337,2023-04-25,20.1299991607666,20.299999237060547,19.93000030517578,20.11000061035156,20.11000061035156,938300,0,0,,,0,True,False,
338,2023-04-26,20.049999237060547,20.43000030517578,19.899999618530277,20.309999465942383,20.309999465942383,980000,0,0,,,0,True,False,
339,2023-04-27,20.38999938964844,20.6200008392334,20.13999938964844,20.5,20.5,886600,0,0,,,0,True,False,
340,2023-04-28,20.51000022888184,21.489999771118164,20.40999984741211,21.32999992370605,21.32999992370605,1440600,0,2,21.10625,2,0,True,False,
341,2023-05-01,21.18000030517578,21.86000061035156,21.15999984741211,21.75,21.75,1238500,0,2,21.10625,3,0,True,False,
342,2023-05-02,21.6200008392334,21.899999618530277,21.270000457763672,21.3799991607666,21.3799991607666,1313100,0,2,21.10625,4,0,True,False,
343,2023-05-03,21.459999084472656,21.850000381469727,21.07999992370605,21.200000762939453,21.200000762939453,1614400,0,2,21.10625,5,0,True,False,
344,2023-05-04,21.059999465942383,21.690000534057617,20.6299991607666,21.549999237060547,21.549999237060547,1135500,0,0,,,0,True,False,
345,2023-05-05,21.65999984741211,22.040000915527344,21.25,21.93000030517578,21.93000030517578,1147500,0,0,,,0,True,False,
346,2023-05-08,22.06999969482422,22.1200008392334,21.399999618530277,21.549999237060547,21.549999237060547,2045100,1,0,,,0,True,False,18.479999542236328
347,2023-05-09,21.59000015258789,21.700000762939453,20.420000076293945,21.43000030517578,21.43000030517578,1790600,2,0,,,0,True,False,21.399999618530277
348,2023-05-10,21.709999084472656,21.90999984741211,21.34000015258789,21.649999618530277,21.649999618530277,1769700,0,0,,,0,True,False,
349,2023-05-11,21.6299991607666,21.709999084472656,21.18000030517578,21.34000015258789,21.34000015258789,1340700,0,0,,,0,True,False,
350,2023-05-12,21.350000381469727,21.530000686645508,21.13999938964844,21.46999931335449,21.46999931335449,922800,0,0,,,0,True,False,
351,2023-05-15,21.549999237060547,22.149999618530277,21.46999931335449,22.1200008392334,22.1200008392334,840600,0,0,,,0,True,False,
352,2023-05-16,21.790000915527344,22.040000915527344,21.59000015258789,21.8799991607666,21.8799991607666,2057100,0,0,,,0,True,False,
353,2023-05-17,21.989999771118164,22.780000686645508,21.989999771118164,22.68000030517578,22.68000030517578,1264100,0,0,,,0,True,False,
354,2023-05-18,22.5,23.229999542236328,22.38999938964844,23.200000762939453,23.200000762939453,1516100,0,0,,,0,True,False,
355,2023-05-19,23.520000457763672,24.31999969482422,23.479999542236328,24.309999465942383,24.309999465942383,1837700,0,2,24.254285714285714,2,0,True,False,
356,2023-05-22,24.31999969482422,24.850000381469727,24.0,24.799999237060547,24.799999237060547,1470100,0,2,24.254285714285714,3,0,True,False,
357,2023-05-23,24.770000457763672,25.729999542236328,24.63999938964844,25.540000915527344,25.540000915527344,1750700,0,2,24.254285714285714,4,0,True,False,
358,2023-05-24,25.420000076293945,25.670000076293945,25.030000686645508,25.649999618530277,25.649999618530277,2157800,0,2,24.254285714285714,5,0,True,False,
359,2023-05-25,26.0,26.040000915527344,24.049999237060547,24.450000762939453,24.450000762939453,2244300,1,0,,,0,True,False,21.700000762939453
360,2023-05-26,24.38999938964844,24.799999237060547,24.350000381469727,24.780000686645508,24.780000686645508,1208300,0,0,,,0,True,False,
361,2023-05-30,24.780000686645508,24.979999542236328,23.65999984741211,23.790000915527344,23.790000915527344,1254000,0,1,24.254285714285714,2,0,True,False,
362,2023-05-31,23.850000381469727,24.780000686645508,23.399999618530277,23.5,23.5,1832400,0,1,24.254285714285714,3,0,True,False,
363,2023-06-01,23.11000061035156,23.940000534057617,22.350000381469727,23.899999618530277,23.899999618530277,1139400,2,1,24.254285714285714,4,0,True,False,24.049999237060547
364,2023-06-02,24.100000381469727,24.61000061035156,24.01000022888184,24.61000061035156,24.61000061035156,1089100,0,2,24.254285714285714,2,0,True,False,
365,2023-06-05,24.36000061035156,24.40999984741211,23.90999984741211,23.96999931335449,23.96999931335449,913700,0,1,24.254285714285714,2,0,True,False,
366,2023-06-06,24.020000457763672,24.229999542236328,23.8700008392334,23.989999771118164,23.989999771118164,1121300,0,1,24.254285714285714,3,0,True,False,
367,2023-06-07,24.07999992370605,24.799999237060547,23.75,24.6299991607666,24.6299991607666,944600,2,2,24.254285714285714,2,0,True,False,24.049999237060547
368,2023-06-08,24.36000061035156,25.549999237060547,24.36000061035156,25.09000015258789,25.09000015258789,1649100,1,2,24.254285714285714,3,0,False,True,24.799999237060547
369,2023-06-09,25.020000457763672,25.229999542236328,24.63999938964844,24.71999931335449,24.71999931335449,691400,0,2,24.254285714285714,4,0,False,True,
370,2023-06-12,24.8799991607666,25.040000915527344,24.36000061035156,24.61000061035156,24.61000061035156,1598500,0,2,24.254285714285714,5,0,False,True,
371,2023-06-13,24.63999938964844,25.09000015258789,24.63999938964844,25.030000686645508,25.030000686645508,984000,0,0,,,0,False,True,
372,2023-06-14,25.200000762939453,25.200000762939453,24.06999969482422,24.13999938964844,24.13999938964844,1834300,0,1,24.254285714285714,2,0,False,True,
373,2023-06-15,24.149999618530277,24.57999992370605,24.06999969482422,24.38999938964844,24.38999938964844,1091700,0,2,24.254285714285714,2,0,False,True,
374,2023-06-16,24.690000534057617,24.690000534057617,23.979999542236328,24.06999969482422,24.06999969482422,1284700,0,1,24.254285714285714,2,0,False,True,
375,2023-06-20,23.86000061035156,24.040000915527344,23.520000457763672,23.84000015258789,23.84000015258789,1690500,0,1,24.254285714285714,3,0,False,True,
376,2023-06-21,23.82999992370605,24.1200008392334,23.36000061035156,24.09000015258789,24.09000015258789,643500,2,1,24.254285714285714,4,0,True,True,24.36000061035156
377,2023-06-22,23.959999084472656,24.459999084472656,23.799999237060547,24.040000915527344,24.040000915527344,709500,0,1,24.254285714285714,5,0,True,True,
378,2023-06-23,23.799999237060547,24.57999992370605,23.770000457763672,24.51000022888184,24.51000022888184,1824100,0,2,24.254285714285714,2,0,True,True,
379,2023-06-26,24.450000762939453,24.649999618530277,23.809999465942383,23.86000061035156,23.86000061035156,1134500,0,1,24.254285714285714,2,0,True,True,
380,2023-06-27,23.940000534057617,24.399999618530277,23.84000015258789,24.21999931335449,24.21999931335449,1372000,0,1,24.254285714285714,3,0,True,True,
381,2023-06-28,24.350000381469727,24.549999237060547,24.0,24.170000076293945,24.170000076293945,1146100,0,1,24.254285714285714,4,0,True,True,
382,2023-06-29,24.15999984741211,24.850000381469727,23.96999931335449,24.0,24.0,1038700,1,1,24.254285714285714,5,0,True,True,24.1200008392334
383,2023-06-30,24.15999984741211,24.239999771118164,23.90999984741211,23.950000762939453,23.950000762939453,1036100,0,0,,,0,True,False,
384,2023-07-03,23.84000015258789,24.149999618530277,23.68000030517578,24.0,24.0,1567000,0,0,,,0,True,False,
385,2023-07-05,23.96999931335449,24.309999465942383,23.670000076293945,24.15999984741211,24.15999984741211,1040200,2,0,,,0,True,False,23.96999931335449
386,2023-07-06,24.040000915527344,24.31999969482422,23.979999542236328,24.229999542236328,24.229999542236328,829400,0,0,,,0,True,False,
387,2023-07-07,24.31999969482422,24.920000076293945,24.309999465942383,24.399999618530277,24.399999618530277,1262400,0,2,24.254285714285714,2,0,True,False,
388,2023-07-10,24.270000457763672,24.770000457763672,24.030000686645508,24.770000457763672,24.770000457763672,1177400,0,2,24.254285714285714,3,0,True,False,
389,2023-07-11,24.790000915527344,25.059999465942383,24.459999084472656,24.86000061035156,24.86000061035156,968600,0,2,24.254285714285714,4,0,True,False,
390,2023-07-12,25.0,26.059999465942383,24.93000030517578,25.86000061035156,25.86000061035156,1440600,0,2,24.254285714285714,5,0,True,False,
391,2023-07-13,25.920000076293945,26.09000015258789,25.690000534057617,25.799999237060547,25.799999237060547,2224800,0,0,,,0,True,False,
392,2023-07-14,30.06999969482422,32.88999938964844,28.729999542236328,32.18000030517578,32.18000030517578,9340100,0,2,28.812222222222225,2,0,True,False,
393,2023-07-17,32.7400016784668,33.7400016784668,31.899999618530277,33.470001220703125,33.470001220703125,3630500,0,2,28.812222222222225,3,0,True,False,
394,2023-07-18,33.61000061035156,33.9900016784668,32.900001525878906,32.9900016784668,32.9900016784668,2376300,1,2,28.812222222222225,4,0,True,True,24.309999465942383
395,2023-07-19,33.060001373291016,33.130001068115234,31.459999084472656,31.90999984741211,31.90999984741211,2207200,0,2,28.812222222222225,5,0,True,True,
396,2023-07-20,31.959999084472656,32.290000915527344,31.030000686645508,31.26000022888184,31.26000022888184,2385800,0,0,,,0,True,True,
397,2023-07-21,31.59000015258789,31.600000381469727,30.6299991607666,30.799999237060547,30.799999237060547,2755500,0,0,,,0,True,True,
398,2023-07-24,30.8799991607666,30.93000030517578,29.93000030517578,30.020000457763672,30.020000457763672,1579100,0,0,,,0,True,True,
399,2023-07-25,29.940000534057617,30.26000022888184,29.5,29.600000381469727,29.600000381469727,1134200,0,0,,,0,True,True,
400,2023-07-26,29.59000015258789,29.61000061035156,29.020000457763672,29.15999984741211,29.15999984741211,971900,0,0,,,0,True,True,
401,2023-07-27,29.479999542236328,29.479999542236328,28.81999969482422,29.020000457763672,29.020000457763672,1002000,0,0,,,0,True,True,
402,2023-07-28,28.75,29.25,27.899999618530277,29.040000915527344,29.040000915527344,3476700,2,0,,,0,True,True,32.900001525878906
403,2023-07-31,29.229999542236328,29.739999771118164,28.90999984741211,29.239999771118164,29.239999771118164,1793600,1,0,,,0,False,True,29.25
404,2023-08-01,29.25,29.36000061035156,28.65999984741211,28.940000534057617,28.940000534057617,1912500,0,0,,,0,False,True,
405,2023-08-02,28.75,29.530000686645508,28.709999084472656,29.200000762939453,29.200000762939453,1718300,0,0,,,0,False,True,
406,2023-08-03,27.979999542236328,28.290000915527344,27.040000915527344,27.200000762939453,27.200000762939453,3738300,0,1,28.812222222222225,2,0,False,True,
407,2023-08-04,27.200000762939453,27.479999542236328,26.950000762939453,27.190000534057617,27.190000534057617,1931100,0,1,28.812222222222225,3,0,False,True,
408,2023-08-07,27.170000076293945,27.170000076293945,26.520000457763672,26.799999237060547,26.799999237060547,1680700,0,1,28.812222222222225,4,0,False,True,
409,2023-08-08,26.82999992370605,27.149999618530277,26.450000762939453,26.71999931335449,26.71999931335449,1329400,0,1,28.812222222222225,5,0,False,True,
410,2023-08-09,26.71999931335449,26.71999931335449,26.11000061035156,26.59000015258789,26.59000015258789,1013800,2,0,,,0,True,True,28.90999984741211
411,2023-08-10,26.6299991607666,26.770000457763672,26.280000686645508,26.649999618530277,26.649999618530277,1227400,0,0,,,0,True,True,
412,2023-08-11,26.600000381469727,27.540000915527344,26.559999465942383,27.3700008392334,27.3700008392334,1004400,0,0,,,0,True,True,
413,2023-08-14,27.290000915527344,28.309999465942383,26.56999969482422,28.01000022888184,28.01000022888184,1368600,0,0,,,0,True,True,
414,2023-08-15,28.06999969482422,28.739999771118164,27.76000022888184,28.71999931335449,28.71999931335449,1254100,0,0,,,0,True,True,
415,2023-08-16,29.059999465942383,29.989999771118164,28.920000076293945,29.25,29.25,2209400,0,2,28.812222222222225,2,0,True,True,
416,2023-08-17,29.229999542236328,29.26000022888184,28.65999984741211,28.899999618530277,28.899999618530277,1757500,0,2,28.812222222222225,3,0,True,True,
417,2023-08-18,28.600000381469727,29.5,28.489999771118164,29.32999992370605,29.32999992370605,1187000,0,2,28.812222222222225,4,0,True,True,
418,2023-08-21,29.32999992370605,30.489999771118164,28.75,30.31999969482422,30.31999969482422,1991100,1,2,28.812222222222225,5,0,True,True,26.71999931335449
419,2023-08-22,30.299999237060547,30.32999992370605,29.059999465942383,29.09000015258789,29.09000015258789,956700,0,0,,,0,True,True,
420,2023-08-23,29.13999938964844,29.350000381469727,28.59000015258789,28.63999938964844,28.63999938964844,902100,0,1,28.812222222222225,2,0,True,True,
421,2023-08-24,28.739999771118164,28.809999465942383,28.26000022888184,28.399999618530277,28.399999618530277,894600,0,1,28.812222222222225,3,0,True,True,
422,2023-08-25,28.520000457763672,28.82999992370605,28.170000076293945,28.600000381469727,28.600000381469727,818100,0,1,28.812222222222225,4,0,True,True,
423,2023-08-28,28.559999465942383,28.65999984741211,27.799999237060547,27.8700008392334,27.8700008392334,1041600,0,1,28.812222222222225,5,0,True,True,
424,2023-08-29,27.8700008392334,27.8700008392334,26.770000457763672,27.09000015258789,27.09000015258789,1586000,2,0,,,0,True,True,28.75
425,2023-08-30,27.170000076293945,27.5,26.899999618530277,26.989999771118164,26.989999771118164,1110200,0,0,,,0,False,True,
426,2023-08-31,26.989999771118164,27.3799991607666,26.86000061035156,27.020000457763672,27.020000457763672,1122100,0,0,,,0,False,True,
427,2023-09-01,27.170000076293945,27.86000061035156,27.170000076293945,27.790000915527344,27.790000915527344,925800,0,0,,,0,False,True,
428,2023-09-05,27.649999618530277,27.81999969482422,27.13999938964844,27.56999969482422,27.56999969482422,840100,0,0,,,0,False,True,
429,2023-09-06,27.56999969482422,27.649999618530277,26.96999931335449,27.11000061035156,27.11000061035156,802700,0,0,,,0,False,True,
430,2023-09-07,26.90999984741211,26.920000076293945,26.290000915527344,26.34000015258789,26.34000015258789,790600,0,0,,,0,False,True,
431,2023-09-08,26.290000915527344,26.68000030517578,26.229999542236328,26.450000762939453,26.450000762939453,651700,0,0,,,0,False,True,
432,2023-09-11,26.450000762939453,27.18000030517578,26.21999931335449,27.1299991607666,27.1299991607666,1203800,0,0,,,0,False,True,
433,2023-09-12,27.1299991607666,27.1299991607666,25.90999984741211,26.13999938964844,26.13999938964844,1400000,0,0,,,0,False,True,
434,2023-09-13,26.07999992370605,26.3799991607666,25.63999938964844,25.88999938964844,25.88999938964844,1332800,0,0,,,0,False,True,
435,2023-09-14,25.96999931335449,26.57999992370605,25.600000381469727,25.850000381469727,25.850000381469727,1282300,0,0,,,0,False,True,
436,2023-09-15,25.8799991607666,25.88999938964844,24.670000076293945,24.71999931335449,24.71999931335449,1945100,0,0,,,0,False,True,
437,2023-09-18,24.709999084472656,25.09000015258789,24.18000030517578,24.420000076293945,24.420000076293945,1986800,0,0,,,0,False,True,
438,2023-09-19,24.6200008392334,24.670000076293945,24.049999237060547,24.440000534057617,24.440000534057617,1847100,0,0,,,0,False,True,
439,2023-09-20,24.440000534057617,24.950000762939453,23.76000022888184,23.790000915527344,23.790000915527344,1386200,0,1,24.254285714285714,2,0,False,True,
440,2023-09-21,23.700000762939453,23.950000762939453,23.270000457763672,23.399999618530277,23.399999618530277,1618000,0,1,24.254285714285714,3,0,False,True,
441,2023-09-22,23.559999465942383,23.739999771118164,22.96999931335449,23.559999465942383,23.559999465942383,1698900,2,1,24.254285714285714,4,0,False,True,28.75
442,2023-09-25,23.43000030517578,23.600000381469727,23.07999992370605,23.290000915527344,23.290000915527344,1780400,0,1,24.254285714285714,5,0,False,True,
443,2023-09-26,23.3799991607666,23.76000022888184,23.200000762939453,23.6299991607666,23.6299991607666,2970900,0,0,,,0,False,True,
444,2023-09-27,23.68000030517578,26.309999465942383,23.190000534057617,25.57999992370605,25.57999992370605,4835600,1,2,24.254285714285714,2,0,False,True,23.739999771118164
445,2023-09-28,25.0,25.18000030517578,21.15999984741211,21.530000686645508,21.530000686645508,6983100,0,1,24.254285714285714,2,0,False,True,
446,2023-09-29,21.63999938964844,21.63999938964844,20.540000915527344,20.84000015258789,20.84000015258789,2991100,0,1,21.10625,2,0,False,True,
447,2023-10-02,20.690000534057617,21.520000457763672,20.309999465942383,21.46999931335449,21.46999931335449,2403800,2,2,21.10625,2,0,True,True,23.190000534057617
448,2023-10-03,21.34000015258789,21.40999984741211,20.65999984741211,20.780000686645508,20.780000686645508,1318100,0,1,21.10625,2,0,True,True,
449,2023-10-04,20.61000061035156,21.649999618530277,20.600000381469727,21.520000457763672,21.520000457763672,1602700,0,2,21.10625,2,0,True,True,
450,2023-10-05,21.6200008392334,22.020000457763672,21.479999542236328,21.959999084472656,21.959999084472656,1131200,0,2,21.10625,3,0,True,True,
451,2023-10-06,21.11000061035156,21.84000015258789,21.030000686645508,21.68000030517578,21.68000030517578,1082200,0,2,21.10625,4,0,True,True,
452,2023-10-09,21.479999542236328,21.920000076293945,21.31999969482422,21.739999771118164,21.739999771118164,973300,0,2,21.10625,5,0,True,True,
453,2023-10-10,23.1200008392334,23.799999237060547,22.86000061035156,23.420000076293945,23.420000076293945,2401700,1,0,,,0,True,True,21.520000457763672
454,2023-10-11,23.43000030517578,23.709999084472656,23.309999465942383,23.3799991607666,23.3799991607666,1157700,0,0,,,0,True,False,
455,2023-10-12,23.25,23.270000457763672,22.3799991607666,22.63999938964844,22.63999938964844,1822900,0,0,,,0,True,False,
456,2023-10-13,22.63999938964844,23.13999938964844,22.06999969482422,23.13999938964844,23.13999938964844,1351400,2,0,,,0,True,False,22.86000061035156
457,2023-10-16,23.09000015258789,23.809999465942383,22.86000061035156,23.780000686645508,23.780000686645508,1265600,0,0,,,0,True,False,
458,2023-10-17,24.07999992370605,24.600000381469727,23.38999938964844,23.399999618530277,23.399999618530277,1448400,1,0,,,0,True,False,23.13999938964844
459,2023-10-18,23.350000381469727,23.540000915527344,22.989999771118164,23.209999084472656,23.209999084472656,1363200,0,0,,,0,True,False,
460,2023-10-19,23.36000061035156,23.3700008392334,22.8799991607666,22.93000030517578,22.93000030517578,1283300,0,0,,,0,True,False,
461,2023-10-20,23.059999465942383,23.290000915527344,21.96999931335449,22.15999984741211,22.15999984741211,2418100,2,0,,,0,True,False,23.38999938964844
462,2023-10-23,22.07999992370605,22.81999969482422,22.07999992370605,22.280000686645508,22.280000686645508,1745700,0,0,,,0,False,False,
463,2023-10-24,22.76000022888184,23.049999237060547,22.46999931335449,22.979999542236328,22.979999542236328,1008400,0,0,,,0,False,False,
464,2023-10-25,22.76000022888184,22.8799991607666,22.3700008392334,22.59000015258789,22.59000015258789,911000,0,0,,,0,False,False,
465,2023-10-26,22.559999465942383,22.989999771118164,21.940000534057617,22.5,22.5,1585300,0,0,,,0,False,False,
466,2023-10-27,22.56999969482422,22.690000534057617,21.649999618530277,21.76000022888184,21.76000022888184,1212300,2,0,,,0,False,False,23.38999938964844
467,2023-10-30,21.96999931335449,22.43000030517578,21.899999618530277,22.229999542236328,22.229999542236328,834800,0,0,,,0,False,False,
468,2023-10-31,22.049999237060547,23.01000022888184,21.940000534057617,22.56999969482422,22.56999969482422,1226100,0,0,,,0,False,False,
469,2023-11-01,22.670000076293945,23.0,22.36000061035156,22.920000076293945,22.920000076293945,1599000,0,0,,,0,False,False,
470,2023-11-02,22.90999984741211,23.020000457763672,22.479999542236328,22.989999771118164,22.989999771118164,1612200,0,0,,,0,False,False,
471,2023-11-03,24.0,24.729999542236328,22.780000686645508,24.06999969482422,24.06999969482422,2822300,0,0,,,0,False,False,
472,2023-11-06,25.100000381469727,25.56999969482422,23.56999969482422,23.979999542236328,23.979999542236328,2277500,1,0,,,0,False,True,22.690000534057617
473,2023-11-07,23.989999771118164,24.049999237060547,23.34000015258789,23.5,23.5,1677400,0,0,,,0,False,True,
474,2023-11-08,23.540000915527344,23.82999992370605,22.86000061035156,23.190000534057617,23.190000534057617,1264300,0,0,,,0,False,True,
475,2023-11-09,23.270000457763672,23.31999969482422,21.82999992370605,22.01000022888184,22.01000022888184,1625300,0,0,,,0,False,True,
476,2023-11-10,22.18000030517578,22.38999938964844,21.57999992370605,22.200000762939453,22.200000762939453,1435400,2,0,,,0,False,True,23.56999969482422
477,2023-11-13,22.06999969482422,22.459999084472656,21.799999237060547,22.420000076293945,22.420000076293945,1200100,0,0,,,0,False,True,
478,2023-11-14,23.13999938964844,23.26000022888184,22.850000381469727,23.200000762939453,23.200000762939453,1670400,0,0,,,0,False,True,
479,2023-11-15,23.170000076293945,23.38999938964844,22.56999969482422,22.56999969482422,22.56999969482422,1021200,1,0,,,0,False,True,22.38999938964844
480,2023-11-16,22.459999084472656,22.6299991607666,21.81999969482422,22.06999969482422,22.06999969482422,964500,0,0,,,0,False,True,
481,2023-11-17,22.290000915527344,22.86000061035156,22.149999618530277,22.84000015258789,22.84000015258789,1217000,0,0,,,0,False,True,
482,2023-11-20,22.63999938964844,22.940000534057617,22.540000915527344,22.920000076293945,22.920000076293945,866400,0,0,,,0,False,True,
483,2023-11-21,22.76000022888184,22.90999984741211,22.3700008392334,22.450000762939453,22.450000762939453,897600,0,0,,,0,False,True,
484,2023-11-22,22.270000457763672,22.450000762939453,21.86000061035156,21.989999771118164,21.989999771118164,1190200,0,0,,,0,False,True,
485,2023-11-24,22.020000457763672,22.299999237060547,21.86000061035156,22.290000915527344,22.290000915527344,529000,0,0,,,0,False,True,
486,2023-11-27,22.190000534057617,22.280000686645508,21.59000015258789,22.1200008392334,22.1200008392334,902900,2,0,,,0,False,True,22.56999969482422
487,2023-11-28,22.15999984741211,22.290000915527344,21.8700008392334,22.290000915527344,22.290000915527344,946500,0,0,,,0,False,True,
488,2023-11-29,22.399999618530277,22.5,22.030000686645508,22.1299991607666,22.1299991607666,927000,0,0,,,0,False,True,
489,2023-11-30,22.399999618530277,22.489999771118164,22.030000686645508,22.280000686645508,22.280000686645508,1360000,0,0,,,0,False,True,
490,2023-12-01,22.350000381469727,22.76000022888184,22.06999969482422,22.600000381469727,22.600000381469727,1203000,0,0,,,0,False,True,
491,2023-12-04,22.520000457763672,23.059999465942383,22.420000076293945,22.850000381469727,22.850000381469727,1128900,1,0,,,0,False,True,22.280000686645508
492,2023-12-05,22.690000534057617,22.700000762939453,22.18000030517578,22.290000915527344,22.290000915527344,1141000,0,0,,,0,False,False,
493,2023-12-06,22.479999542236328,22.559999465942383,21.200000762939453,21.3799991607666,21.3799991607666,1356300,0,0,,,0,False,False,
494,2023-12-07,21.51000022888184,21.84000015258789,21.200000762939453,21.790000915527344,21.790000915527344,2875200,0,0,,,0,False,False,
495,2023-12-08,21.729999542236328,21.729999542236328,20.8700008392334,20.979999542236328,20.979999542236328,1440100,0,1,21.10625,2,0,False,False,
496,2023-12-11,21.170000076293945,21.26000022888184,20.8799991607666,21.09000015258789,21.09000015258789,1477300,0,1,21.10625,3,0,False,False,
497,2023-12-12,21.309999465942383,21.38999938964844,20.76000022888184,21.170000076293945,21.170000076293945,2168200,2,2,21.10625,2,0,False,False,22.420000076293945
498,2023-12-13,21.5,28.940000534057617,21.40999984741211,28.46999931335449,28.46999931335449,14153500,0,2,21.10625,3,0,False,False,
499,2023-12-14,27.239999771118164,28.799999237060547,27.21999931335449,28.059999465942383,28.059999465942383,2861700,0,2,21.10625,4,0,False,False,
500,2023-12-15,28.299999237060547,29.450000762939453,27.940000534057617,28.57999992370605,28.57999992370605,4693000,0,2,21.10625,5,0,False,False,
501,2023-12-18,28.5,29.3700008392334,28.149999618530277,29.020000457763672,29.020000457763672,1895600,0,2,24.254285714285714,5,0,False,False,
502,2023-12-19,30.200000762939453,30.46999931335449,29.09000015258789,29.190000534057617,29.190000534057617,589283,0,2,28.812222222222225,3,0,False,False,
