Stock,Trade_1,Trade_2,Trade_3,Trade_4,Trade_5,Trade_6,Trade_7,Trade_8,Trade_9,Trade_10,Trade_11,Trade_12,Trade_13,Trade_14,Trade_15,Trade_16,Trade_17,Trade_18,Trade_19,Trade_20,Trade_21,Trade_22,Trade_23,Trade_24,Trade_25,Trade_26,Trade_27,Trade_28,Trade_29,Trade_30,Trade_31,Trade_32,Trade_33,Trade_34,Trade_35,Trade_36,Trade_37,Trade_38,Trade_39,Trade_40,Trade_41,Trade_42,Trade_43,Trade_44,Trade_45,Trade_46,Trade_47,Trade_48,Trade_49,Trade_50
AES,-0.006999999999999895,-0.0051871291647649365,0.014000000000000012,-0.006999999999999895,0.014000000000000012,-0.007000000000000117,-0.007000000000000117,-0.006999999999999895,-0.006999999999999895,-0.006999999999999895,-0.007000000000000117,-0.005191256830601065,-0.009386733416770765,0.014000000000000012,-0.006999999999999895,-0.008739076154806402,-0.007000000000000006,0.014000000000000012,-0.0015104422604422796,0.014000000000000012,-0.007000000000000117,-0.007000000000000117,-0.004768539325842758,0.014000000000000012,-0.006999999999999895,0.014000000000000012,-0.007000000000000117,-0.00037015362106807004,-0.005458074534161472,-0.006999999999999895,-0.007000000000000006,-0.007000000000000006,-0.006999999999999895,0.013999999999999901,-0.007000000000000117,-0.007000000000000006
AMCR,0.01642335766423364,0.015746678476527887,-0.006091155234656975,-0.006025515210991261,-0.007000000000000117,-0.0047916666666667496,-0.003632107023411546,-0.008849557522123686,0.014000000000000012,0.015037593984962516,-0.007000000000000117,-0.007000000000000006,0.014000000000000012,-0.007000000000000117,0.013999999999999901,-0.006999999999999895,-0.007000000000000117,0.014000000000000012,0.014000000000000012,-0.0048436482084690535,-0.00390010405827268,-0.006014880952380897,-0.00418164616840111,0.016617699115044404,-0.006999999999999895,-0.005182310469314055,-0.007000000000000006,-0.007000000000000006,0.014000000000000123,0.023946360153256907,-0.024598930481283476,-0.005949206349206371,0.014000000000000012,0.014000000000000012,-0.007000000000000117,-0.0020181634712410634,-0.011988011988012026,-0.007000000000000006
APA,0.014000000000000012,-0.005067064083457362,-0.007000000000000006,-0.007000000000000117,-0.007000000000000006,0.018387553041018467,-0.006999999999999895,-0.006999999999999895,-0.02566320645905429,0.014000000000000012,-0.007000000000000006,-0.006999999999999895,-0.007000000000000006,-0.006333557046979799,0.014000000000000012,-0.007000000000000006,-0.006072251635004577,-0.007000000000000117,-0.006320054017555643,-0.007000000000000006,0.014000000000000012,-0.007000000000000117,-0.007000000000000117,-0.01037613488975353,-0.007000000000000006,0.014000000000000012,-0.004312277580071244,-0.007940008822232114,-0.007000000000000117,0.014000000000000012,-0.007601351351351315,0.014000000000000123,-0.007000000000000006,-0.007000000000000117,0.014000000000000012,0.014000000000000012
ADM,-0.007000000000000117,-0.007171508447793684,-0.007000000000000117,-0.006999999999999895,0.013999999999999901,-0.006999999999999895,-0.006999999999999895,-0.006999999999999895,0.013999999999999901,-0.007000000000000117,-0.007000000000000117,-0.007000000000000117,-0.007657825924542339,-0.006999999999999895,-0.006999999999999895,0.014000000000000012,-0.00713337757133381,0.014174946770759478,-0.007000000000000117,-0.007000000000000117,0.014000000000000012,-0.007000000000000006,-0.007000000000000117,-0.007000000000000006,-0.007000000000000006,-0.0066013460015834635,0.015607928642219937,-0.006999999999999895,-0.006999999999999895
T,-0.007000000000000006,-0.0058082840236686195,-0.004466666666666619,-0.005576678445229799,-0.004280216070222664,-0.006309327846364843,-0.0050006618133686676,-0.005718709677419387,0.015325670498084198,-0.007000000000000117,0.014000000000000012,-0.007000000000000117,-0.007000000000000117,-0.009726443768997006,-0.016473459426479486,-0.006999999999999895,-0.006999999999999895,-0.007000000000000117,-0.007000000000000117,-0.010569583088666956,-0.006999999999999895,-0.005279612756264429,0.015206854345165333,0.014000000000000012,-0.006999999999999895,-0.007000000000000117,-0.017941050832977368,-0.006999999999999895,-0.007000000000000006,0.04166666666666674,-0.0019141414141414792,-0.006999999999999895
BKR,-0.006999999999999895,-0.006197467672413581,-0.006452568632780542,-0.004486075949366897,-0.007000000000000117,-0.007000000000000006,-0.007000000000000117,-0.006091214154972491,-0.007000000000000006,0.015416259695489987,-0.008194322505121754,-0.007000000000000006,-0.007000000000000006,0.014000000000000012,-0.0066543082732579695,-0.006999999999999895,0.014000000000000234,-0.0048291692692067345,-0.006999999999999895,0.014000000000000012,-0.005193137509747592,0.015384615384615108,-0.006719332956472535,0.014000000000000012,-0.006999999999999895,0.016631467793030597,0.014000000000000012,-0.006999999999999895,0.014000000000000012,-0.007000000000000117,-0.006999999999999895,0.014000000000000012,0.014000000000000012,0.014000000000000012,-0.007000000000000006
BAC,-0.006999999999999895,-0.007000000000000006,-0.007000000000000006,-0.006999999999999895,0.014000000000000012,-0.0041968948482710156,-0.007000000000000006,0.014000000000000012,0.01572649572649576,-0.007000000000000117,-0.011509817197020933,0.014000000000000012,0.015164108618654248,0.013999999999999901,-0.008099688473520494,0.014000000000000012,0.0235294117647058,-0.006999999999999895,-0.006999999999999895,-0.006456410256410194,-0.005485714285714316,-0.006503003003002883,-0.006499495967741908,-0.017065715741212406,0.015842129845866526,-0.006999999999999895,0.014000000000000012,-0.0,-0.002043655039589254,-0.007000000000000006,0.01923899102180404
BAX,-0.006266797932562018,-0.007000000000000006,0.014468742571904114,-0.006076429226536284,-0.007000000000000117,-0.007000000000000117,0.014000000000000012,-0.009238451935081216,-0.007000000000000006,-0.007000000000000117,0.013999999999999901,0.014000000000000123,-0.007000000000000006,-0.007000000000000006,-0.006411904056855211,-0.006440244580322219,0.014000000000000012,0.017728531855955465,0.014000000000000012,0.014000000000000123,0.014000000000000012,0.014000000000000012,0.014000000000000012,0.014000000000000012,-0.007000000000000006,0.0217821782178218,-0.006999999999999895,-0.007000000000000006
BWA,0.014000000000000012,-0.006999999999999895,-0.004290362035224815,-0.008663634394628472,-0.006744740177439645,-0.007000000000000117,0.014000000000000123,0.014000000000000012,-0.007000000000000006,0.013999999999999901,-0.007000000000000006,-0.007000000000000006,-0.0072202166064982976,0.014000000000000012,0.014000000000000012,0.014000000000000012,-0.007000000000000006,0.014000000000000012,0.014000000000000012,-0.007000000000000117,-0.006360634920634878,-0.006999999999999895,0.017846153846153845,-0.005686664771111571,-0.0028857650192364304,0.024071322436850062,-0.006999999999999895,-0.007000000000000117,-0.006999999999999895,0.014000000000000012,-0.006999999999999895,-0.0071317829457362425,-0.006999999999999784,-0.007000000000000006,-0.006692093023255574,-0.0049109883364025775,-0.006379161528976551,-0.007377805102982249,-0.011923438970818934,-0.005258990318118828,-0.007610853739245638
CZR,0.014000000000000123,-0.007000000000000006,-0.007000000000000006,-0.0065877957658779795,-0.006085845799769896,0.014000000000000012,-0.007000000000000006,-0.007000000000000006,-0.018902300159417074,-0.007000000000000006,-0.007000000000000006,-0.006999999999999895,-0.025486250838363533,-0.016129032258064502,-0.007000000000000006,-0.007000000000000006,0.014097316962255468,0.014000000000000012,-0.007000000000000006,-0.01757342320654809,-0.004241851547521103,-0.007000000000000006,-0.006999999999999895,0.014769911504425082,-0.006550145186508649,0.014000000000000012,0.015329916374426822,-0.006999999999999895,-0.007000000000000006,-0.006999999999999895,-0.007000000000000006,-0.007000000000000117,0.014000000000000123,-0.007000000000000006,-0.006999999999999895,0.013999999999999901,-0.006999999999999895,0.01424798792756532
CPB,0.014000000000000012,-0.0055447884227880495,-0.007000000000000117,-0.005807578448786321,-0.007630259428820452,0.01506250000000009,-0.006867156050201384,-0.004081864283989267,-0.007000000000000117,-0.006999999999999895,0.014000000000000012,-0.007000000000000006,-0.006999999999999895,-0.007000000000000117,0.014000000000000012,-0.007000000000000006,-0.01382488479262678,-0.006999999999999895,-0.0060652123462519025,-0.004486654394845746,0.014000000000000012,-0.012440624293146518,-0.007000000000000117,-0.01741803278688514,-0.007000000000000117,-0.006999999999999895,-0.006999999999999895,-0.005582524271844802
CCL,-0.007000000000000117,0.014000000000000012,-0.005768753874767607,-0.003098231827111997,0.014000000000000012,-0.007000000000000117,-0.007000000000000006,0.014000000000000012,-0.007000000000000006,-0.007000000000000006,-0.006999999999999895,-0.005841121495326895,-0.006999999999999895,-0.003887147335423169,0.000547782635852756,-0.007000000000000117,0.015075376884422065,-0.007000000000000006,-0.007000000000000006,0.01605559416261293,-0.0034280575539569202,-0.007000000000000117,-0.006339321357285432,-0.007000000000000117,-0.007000000000000006,-0.006999999999999895,-0.004900634249471403,-0.007000000000000006,-0.0031899280575540256,0.014000000000000012,-0.006999999999999895,-0.007000000000000006,0.014000000000000012,-0.007000000000000006,0.015455950540958385,-0.006999999999999895,-0.007000000000000117,-0.007000000000000006,-0.007000000000000117,0.014000000000000012,-0.007000000000000117,-0.006999999999999895,-0.007000000000000006
CNP,-0.005590989712664141,-0.005027805362462834,-0.006641126158232424,0.014000000000000012,0.018301610541727742,-0.006999999999999895,0.014000000000000012,0.014571948998178597,-0.006999999999999895,-0.007000000000000006,-0.007000000000000117,-0.007000000000000006,-0.006999999999999895,-0.006999999999999895,-0.006999999999999895,-0.007000000000000117,0.01507135095979717,-0.007000000000000006,-0.0052178750897343695,-0.005249911878745239,-0.01492007104795734,-0.006660942760942978,-0.0057112264763141685,0.01768240343347638,-0.007000000000000006,-0.007000000000000006,0.014000000000000012,-0.007000000000000117,-0.006999999999999895,-0.008931321219587396,0.014000000000000012,-0.006999999999999895,-0.006999999999999895,-0.007000000000000006,-0.006999999999999895,-0.007000000000000117,-0.006999999999999895
CFG,0.014000000000000012,0.014000000000000012,0.014000000000000012,0.014677354709418777,-0.003982909229016229,-0.007000000000000006,-0.006633714496495746,-0.003932818532818461,0.013999999999999901,-0.03219395866454677,0.016521739130434865,-0.007000000000000117,-0.006999999999999895,-0.007000000000000006,0.014000000000000123,0.014000000000000012,-0.006409631391200765,0.014000000000000012,0.014000000000000012,0.014000000000000012,-0.007000000000000117,-0.006997455470738045,0.014000000000000012,-0.007000000000000117,0.014317569683683029,-0.01873327386262269,-0.007000000000000117,-0.007000000000000006,0.014000000000000234,0.014000000000000012,-0.007000000000000006,0.014000000000000012,-0.007000000000000006,-0.006999999999999895,0.014640259740259953,0.014000000000000012
CMCSA,-0.006999999999999895,0.015133277451802485,0.014000000000000012,-0.007000000000000006,0.016916845365737343,-0.007000000000000006,0.01444173382705305,-0.005396496815286422,-0.004018912529550889,-0.006999999999999895,-0.006999999999999895,0.014869888475836479,0.013999999999999901,-0.006999999999999895,0.014000000000000012,0.014238307873090772,0.014000000000000012,-0.007000000000000117,0.014000000000000012,0.01422850521436858,-0.006493078278378972,-0.006738237587730511,-0.006999999999999895,-0.006999999999999895,-0.006492849846782334,0.014000000000000012,-0.007000000000000117,-0.007000000000000117,0.014000000000000012,0.014000000000000012,-0.008427782621331148,-0.007000000000000117,-0.007000000000000117
CAG,0.014000000000000234,-0.007000000000000117,-0.006999999999999895,0.015415446454206228,0.014919866948896354,-0.005664898906198035,-0.004267285861713099,-0.004830298616169015,-0.007000000000000117,-0.0035260930888574293,-0.007000000000000006,-0.007000000000000006,-0.007000000000000117,-0.007670850767085069,-0.007000000000000117,-0.006999999999999895,0.014000000000000012,0.014000000000000012,-0.007000000000000117,-0.005629465804695366,0.014000000000000012,0.013999999999999901,-0.009894459102902431,-0.005081159420289971,0.014000000000000012,-0.007000000000000006,0.01573987645847641,0.014000000000000012,-0.00786222388618496,-0.007000000000000117,-0.006281996434937653,-0.006999999999999895,-0.006999999999999895,-0.006999999999999895,-0.007000000000000006,-0.007000000000000117,-0.010593220338983023
CTRA,-0.007000000000000117,0.014000000000000012,-0.004933935166187897,-0.005868539325842637,0.020241477272727293,0.01507485465116265,-0.007831968672125322,-0.004819559725730782,0.014000000000000012,0.014000000000000012,-0.006999999999999895,0.014000000000000012,-0.007000000000000006,0.015590964098426752,-0.006797281087564944,-0.006999999999999895,-0.007000000000000006,0.014768752429071053,-0.009764035801464566,0.014000000000000012,-0.006999999999999895,-0.006999999999999895,0.014000000000000012,0.014000000000000012,0.015087205146533167,-0.01009708737864079,-0.006999999999999895,-0.006999999999999895,-0.00614763948497854,0.017392201834862342,-0.007000000000000006,0.014000000000000012,-0.007000000000000117,-0.007000000000000006,0.014000000000000012,0.05761024182076813
CSX,-0.006999999999999895,-0.007000000000000117,-0.006673051948052011,0.014000000000000012,0.0146164426383244,-0.020067922198209187,-0.006094253572514474,-0.0063911729141474805,-0.007000000000000006,0.014000000000000012,-0.006664413653261314,-0.007000000000000117,-0.007000000000000006,0.014000000000000012,-0.007000000000000117,0.014000000000000012,-0.006393373493975618,-0.007000000000000117,-0.00722125938763718,-0.00583986175115192,-0.006999999999999895,0.014000000000000012,-0.006999999999999895,-0.007000000000000006,-0.006999999999999895,0.015713789107763776,-0.006999999999999784,-0.007000000000000117,-0.006697071384990649,-0.007000000000000117,-0.007000000000000117,-0.010225563909774582,-0.007418397626113071,-0.006999999999999895,-0.006704171562867067,-0.006999999999999895,-0.006999999999999895,0.013999999999999901,-0.003908468244084418,-0.006999999999999895,0.0021374045801526576,-0.007000000000000006,-0.006999999999999895,-0.006999999999999895,0.015517857142857028,0.014000000000000012
DVN,0.01421378874130319,-0.006999999999999895,0.014000000000000012,-0.006999999999999895,-0.006999999999999895,-0.007000000000000006,-0.006999999999999895,-0.006999999999999895,0.01487710219922378,0.014000000000000012,-0.007000000000000006,-0.007000000000000006,0.014000000000000012,0.014000000000000012,0.014000000000000012,-0.007000000000000117,0.014000000000000012,-0.006041505791505641,-0.007727362789776038,-0.007000000000000117,-0.006999999999999895,0.014000000000000012,-0.00860759493670904,-0.006227036844836498,0.014000000000000012,0.014000000000000012,0.014000000000000012,-0.007000000000000117,-0.006999999999999895,0.01628703972165868,0.014000000000000012
DOW,-0.0051106941838647835,-0.008102506123987219,0.014000000000000012,-0.010713563776025836,-0.007000000000000117,-0.00903059343899737,-0.007160354249104994,-0.007000000000000006,-0.011053663754680088,0.014000000000000012,0.014000000000000012,-0.006999999999999895,-0.006999999999999895,-0.007000000000000006,-0.005685017026106798,-0.007000000000000117,0.013999999999999901,0.016861219195849597,0.017486061834769417,-0.007000000000000117,0.014000000000000012,-0.006999999999999895,0.014000000000000012
EXC,-0.006999999999999895,0.014000000000000012,0.014000000000000012,-0.007000000000000117,0.016280359820090018,-0.005752168525402723,-0.007692307692307554,0.014000000000000012,-0.007000000000000117,-0.007000000000000117,-0.0054600672008270346,-0.007000000000000117,-0.007000000000000117,-0.007000000000000006,-0.007000000000000117,0.014000000000000012,-0.006470117395944497,-0.008060182697474438,0.015906127770534573,0.015072030443055051,0.016058791507893355,-0.006999999999999895,0.014258146639511304,0.014000000000000012,-0.007000000000000117,-0.007000000000000117,0.014000000000000012,-0.007000000000000006,-0.006999999999999895,-0.007000000000000117
FITB,-0.0034521635569670917,-0.0050171725239617215,-0.006999999999999895,-0.006999999999999895,0.014000000000000012,-0.03591380686352763,-0.006999999999999895,-0.006999999999999895,-0.006999999999999895,0.014000000000000012,-0.007000000000000006,-0.008153756552125913,-0.007000000000000117,-0.006999999999999895,0.014302957872721844,0.014000000000000012,-0.005080364540182236,-0.006999999999999895,-0.005893710519088158,-0.007000000000000006,-0.006999999999999895,-0.00459090909090909,0.060429304713019105,-0.007000000000000006,-0.006999999999999895,-0.007000000000000006,-0.006999999999999895,-0.008610658599022658,-0.006999999999999895,-0.01651210133453984,-0.006999999999999895,-0.007000000000000117,0.014000000000000012
FE,-0.007000000000000006,-0.006234780375032112,0.014264682850430477,0.014739517153748216,-0.007000000000000117,-0.007000000000000117,-0.00405500134807224,-0.007000000000000117,0.014000000000000012,-0.007000000000000006,-0.006999999999999895,-0.006999999999999895,0.014000000000000012,0.015392924655684537,-0.008506379784838591,-0.007000000000000006,-0.007000000000000117,0.014000000000000012,-0.007000000000000117,-0.006765137180700043,-0.006999999999999895,-0.006999999999999895,-0.007000000000000006,-0.01071517567904312,-0.009833585476550777,-0.006999999999999895,-0.007000000000000006,-0.006999999999999895,-0.007000000000000117,-0.006999999999999895,-0.005857832988267697
BEN,-0.005895439377085587,-0.005856868764389844,-0.007000000000000006,-0.004430314232902077,-0.0066294776119404375,0.014000000000000012,-0.00429151039890896,-0.007516105941302809,0.014000000000000012,-0.007000000000000117,0.01638784568111984,-0.006999999999999895,-0.006999999999999895,0.017018128005919397,-0.006999999999999895,0.014461315979754197,-0.007000000000000006,0.01470757086472907,-0.007000000000000117,-0.007000000000000006,-0.004355798687089685,-0.007000000000000117,-0.004427184466019307,-0.006999999999999895,0.015325670498084198,-0.007000000000000006,0.014000000000000012,-0.006999999999999895,0.014000000000000012,-0.006999999999999895,0.014000000000000012,-0.006999999999999895,-0.007000000000000006,-0.006999999999999895,0.014000000000000012,0.03688933200398803,0.014000000000000012,-0.007000000000000117,-0.006999999999999895
FCX,-0.007000000000000117,-0.007000000000000117,-0.004473282442747806,0.015556023145713138,-0.006999999999999895,0.016436849132176246,-0.007000000000000117,-0.005471523858388672,-0.019940179461615193,-0.024087221095334677,-0.0022672028596959493,-0.006999999999999895,0.020496224379719763,-0.006999999999999895,0.01474854932301728,0.014000000000000123,-0.007000000000000117,0.010086100861008473,-0.006999999999999895,0.0236553784860557,-0.006999999999999895,-0.007000000000000006,-0.007000000000000006,-0.0059449973808274326,-0.006999999999999895,0.014000000000000012,-0.006587041213860889,0.032510535821794084,-0.006999999999999895,-0.007000000000000117,-0.01373259584207509,0.04457831325301198,-0.006999999999999895,-0.007000000000000117,-0.026819923371647514,-0.0032244196044712847,0.014000000000000012,-0.007000000000000117,-0.007000000000000117,0.014000000000000012,-0.00808176848110298,-0.007000000000000117,-0.007000000000000117,-0.01378579003181346,-0.007000000000000117,-0.007000000000000117
GEN,0.016315068493150786,0.014000000000000012,-0.007000000000000006,-0.007000000000000117,-0.007000000000000006,-0.007000000000000117,0.014000000000000012,0.014000000000000012,-0.0070021881838072675,-0.007000000000000006,-0.004197554092191913,0.014459447213411858,-0.006507579462102786,-0.004958438925494191,-0.007000000000000006,-0.00044554455445544594,0.01598071514664534,0.014000000000000012,-0.007000000000000006,0.014000000000000012,0.018504240555127227,-0.006999999999999895,-0.007000000000000117,0.014000000000000012,0.015779783393501723,-0.007000000000000117,-0.007000000000000006,-0.007000000000000117,-0.007000000000000117
GM,-0.006999999999999895,-0.00610700561631683,-0.014834205933682565,0.014000000000000012,0.014295652173913265,-0.006398446833930649,-0.006999999999999895,-0.007000000000000117,-0.006999999999999895,0.019679079624583706,0.014000000000000012,0.014000000000000012,-0.006722393066815768,-0.007000000000000006,0.014000000000000012,0.014000000000000012,-0.007000000000000006,-0.007000000000000117,0.014000000000000012,0.01616213442791159,-0.007000000000000117,-0.007559131919044226,-0.007000000000000006,-0.007000000000000117,-0.003018014059753771,0.014000000000000123,-0.007000000000000117,-0.01176218990590261,-0.005206190158093982,-0.006999999999999895,-0.0051857490864798406,-0.024990003998400567,-0.007000000000000117,0.014000000000000012,0.014000000000000012,-0.009009009009009028,0.013999999999999901,-0.006999999999999895,0.014000000000000012,0.01628728414442704,-0.005492349941153329,0.014000000000000012,-0.006999999999999895,-0.007360457984052493
HAL,-0.010143979057591568,0.02414021164021163,-0.007000000000000006,0.014000000000000012,-0.006740798747063459,-0.006999999999999895,-0.006999999999999895,0.014000000000000012,-0.007000000000000117,-0.007000000000000006,-0.007000000000000006,0.014000000000000012,0.021420187793427026,-0.003500434404865249,-0.006999999999999895,0.014000000000000123,-0.007000000000000117,-0.007000000000000117,0.014000000000000012,-0.0027369992535455356,-0.006999999999999895,0.014000000000000012,0.014000000000000012,-0.010272071071626865,-0.007000000000000117,-0.006999999999999895,-0.007000000000000117,0.01801222257960755,0.014000000000000012,0.014000000000000012,-0.007000000000000006,-0.007000000000000117,-0.007000000000000006,-0.007000000000000117,0.018532246108228234,-0.02172413793103445,-0.006999999999999895,0.015957528957528888
DOC,-0.006523054755043334,-0.00606802406293383,-0.005536836935166933,-0.007000000000000006,0.01502320887991937,-0.007000000000000006,0.014000000000000012,0.014000000000000012,-0.006999999999999895,-0.006999999999999895,-0.006406599882144981,-0.00639006662628705,-0.006384474327628675,-0.007000000000000006,-0.007000000000000117,-0.007000000000000117,-0.007000000000000117,-0.006999999999999895,0.014000000000000012,0.013999999999999901,-0.006999999999999895,0.014000000000000012,-0.007000000000000117,-0.006999999999999895,-0.0054329300368227695,-0.01001053740779767,-0.005170428374021152,-0.007000000000000006,-0.007000000000000117,-0.007000000000000006,0.020455602045560295,-0.007000000000000117,0.009134615384615463,-0.006999999999999895,-0.005967179487179397,-0.006999999999999895
HPE,0.028373266078184134,-0.01258992805755399,0.015710815500289077,-0.007000000000000117,0.014000000000000012,-0.018181818181818077,-0.007000000000000006,-0.006999999999999895,0.014000000000000012,-0.006999999999999895,-0.006999999999999895,0.014276443867618394,-0.007000000000000006,-0.005050967741935475,-0.006348425196850416,-0.007000000000000006,0.03982105987611839,0.015144515380150825,-0.005800476474091765,-0.007000000000000006,0.014000000000000123,-0.006999999999999895,-0.007000000000000006,0.014000000000000012,-0.003672570607946346,0.014000000000000012,-0.007000000000000006,0.015724336283185814,-0.007000000000000006,-0.007000000000000117,-0.00855085508550868,-0.00496389891696758,0.019617001401214473,0.014000000000000012,-0.006999999999999895
HRL,-0.007000000000000117,-0.007000000000000006,-0.006746554364471469,-0.006755997092318777,-0.0049511698880975175,0.014494607474291432,-0.007000000000000006,-0.0062355658198615105,-0.007000000000000117,-0.006999999999999895,-0.007000000000000117,-0.007000000000000006,-0.006999999999999895,-0.007000000000000117,0.014000000000000012,-0.0030280000000000307,-0.008713837574067629,-0.007000000000000117,-0.007000000000000117,0.015735805991440976,-0.007000000000000117,-0.004835738409579404,0.014949438202247256,0.0156203259827421,-0.007000000000000006,0.015072083879423381,-0.006999999999999895,-0.007000000000000117,-0.006999999999999895,-0.006999999999999895,-0.007000000000000006,-0.007000000000000006,-0.006999999999999895
HST,-0.006999999999999895,-0.007000000000000006,-0.006999999999999895,-0.0024837976122797922,-0.006999999999999895,-0.007000000000000006,-0.007000000000000117,0.013999999999999901,-0.007000000000000117,-0.007000000000000117,0.013999999999999901,-0.007000000000000117,-0.007000000000000006,0.014000000000000012,0.014000000000000012,-0.007000000000000117,-0.007000000000000117,-0.006999999999999895,-0.007000000000000006,-0.007000000000000006,-0.007000000000000117,0.014000000000000012,-0.005548952752070346,-0.004884984025559147,-0.005942226890756297,-0.006451226158038059,-0.006999999999999895,0.016691048034934597,-0.00585633162975574,0.014000000000000123,-0.007000000000000006,-0.009205983889528202,-0.007000000000000117,-0.006999999999999895,0.014000000000000012,-0.006999999999999895,-0.006999999999999895,0.014000000000000012
HPQ,-0.005581428571428626,0.014000000000000012,-0.005988955823293285,-0.00637897008942323,-0.004287708649468702,0.014000000000000012,0.024478041756659463,-0.010136315973435783,-0.007000000000000006,-0.007000000000000006,-0.006999999999999895,-0.007000000000000006,-0.007000000000000117,0.014000000000000012,0.014000000000000012,-0.007000000000000006,-0.007000000000000117,0.0031023784901758056,-0.007000000000000006,0.014000000000000012,-0.0063528836754643825,0.013999999999999901,0.014000000000000012,0.014000000000000012,-0.017778993435448753,-0.006999999999999895,-0.003578884580972108,-0.006999999999999895,0.014000000000000123,-0.007000000000000006,-0.007000000000000117,0.014000000000000012,-0.027896995708154626,0.014000000000000012,-0.007000000000000117,0.014000000000000012,0.014000000000000012
HBAN,-0.005586592178770999,0.015759143621766336,-0.007000000000000117,0.014000000000000012,0.01845018450184499,0.014000000000000012,-0.01195952161913505,0.014000000000000012,-0.007000000000000117,-0.007000000000000117,-0.007000000000000006,-0.006999999999999895,-0.007000000000000006,-0.007000000000000006,-0.009246088193456625,-0.004881223328591755,0.014136904761904878,-0.005315110098709219,-0.006318212593094064,-0.006301687763713093,-0.006999999999999895,-0.007000000000000006,-0.007000000000000006,-0.006999999999999895,-0.007000000000000117,-0.007000000000000006,0.023705552089831494,0.01865222623345364,0.014000000000000012
INTC,0.014000000000000012,-0.007000000000000006,-0.00579147914791478,0.01487411347517753,-0.007000000000000006,-0.006999999999999895,0.014000000000000012,0.014000000000000012,0.01552317198764186,-0.007000000000000006,-0.010327795240233417,0.015083917569577276,-0.006999999999999895,-0.006999999999999895,-0.006999999999999895,0.00038976744186047796,0.014000000000000012,-0.006999999999999895,-0.006186591276251985,-0.007000000000000006,-0.0034198623402162953,0.014318475452196444,-0.006345891523221736,-0.007000000000000006,-0.005263986013986144,-0.007000000000000117,-0.0019968051118210983,-0.006999999999999895,-0.007000000000000006,-0.006999999999999895,-0.007000000000000117,-0.007000000000000006,-0.004996974281391675,-0.06945143432310008,-0.006999999999999895,0.014000000000000012,-0.007000000000000006
IPG,0.015044214985438287,0.015082177161152899,-0.006999999999999895,-0.007000000000000006,0.014304139172165664,-0.005949947127247168,-0.006999999999999895,0.014000000000000012,0.014000000000000012,0.014000000000000012,0.014000000000000012,-0.007000000000000117,0.022858884486436803,-0.006999999999999895,0.013999999999999901,0.014000000000000012,-0.006999999999999895,-0.006999999999999895,-0.006693896424167622,-0.006999999999999895,0.014000000000000012,-0.004498580553584208,-0.007000000000000006,0.014000000000000012,-0.007000000000000117,-0.004622777017783797,-0.006999999999999895,-0.007000000000000006,0.0196629213483146,-0.007000000000000006,0.014000000000000012,-0.007000000000000117,0.015125832716506249
IVZ,-0.006421665695981349,-0.006405197873597279,-0.007000000000000117,-0.007000000000000117,-0.0031686746987953374,-0.005688802083333222,0.014000000000000012,-0.007000000000000117,-0.0060240963855421326,-0.007000000000000006,-0.006999999999999895,0.014000000000000012,0.014000000000000123,-0.006999999999999895,-0.007000000000000006,0.01516108654453574,-0.006999999999999895,-0.007000000000000006,-0.006999999999999895,-0.007000000000000006,-0.007000000000000117,0.014000000000000012,-0.007000000000000117,0.013999999999999901,-0.006999999999999895,-0.004086226851851782,-0.007000000000000117,-0.006999999999999895,-0.006999999999999895,-0.007000000000000006,-0.007000000000000117,0.013999999999999901,-0.0032017075773744796,0.014000000000000012,-0.007000000000000006
INVH,-0.007000000000000006,-0.005521000893654926,-0.006999999999999895,-0.007000000000000117,0.013999999999999901,-0.006690654205607327,-0.007000000000000117,0.014000000000000012,-0.005224339274738865,0.014000000000000012,-0.007000000000000117,-0.007000000000000117,0.014000000000000123,0.013999999999999901,-0.006999999999999895,0.014000000000000012,-0.007000000000000006,0.01585055193886198,-0.006999999999999895,-0.006134631910627242,-0.00560219594594602,0.024651972157772484,0.015576323987538832,0.014000000000000012,-0.005611965334078928,-0.007000000000000006,-0.005909090909090753,-0.019246408240715662,0.014534272554863281,-0.007000000000000006,-0.007000000000000006,0.014303229665071804,0.014000000000000012,-0.007000000000000006,-0.004652482269503544,-0.007000000000000006,0.018000000000000016,0.014253320375769318,0.015827793605571405,-0.007000000000000117,-0.007232704402515777
JNPR,0.014000000000000012,0.014333114323258789,0.015601389766266571,-0.007000000000000117,-0.008580622095101798,-0.003627547169811285,-0.010599415204678442,-0.007000000000000117,-0.006999999999999895,0.014000000000000012,-0.006999999999999895,-0.006999999999999895,0.014000000000000012,-0.007000000000000006,-0.0067334228187918566,-0.011351351351351346,-0.006417413942724881,-0.006999999999999895,-0.006999999999999895,-0.006999999999999673,0.015790402075226972,-0.007000000000000006,-0.007000000000000006,-0.006731323372465292,0.014000000000000012,0.015535426940046837,0.07010785824345134,0.014000000000000012
KVUE,-0.003990909090909045,-0.00463946117274161,-0.006205599999999922,0.013999999999999901,-0.0041405584477047785,-0.006999999999999895,-0.007000000000000006,-0.007000000000000006,0.014000000000000012,0.01682386634844857,-0.006999999999999895,-0.006999999999999895,-0.007000000000000117,-0.006999999999999895,0.01601532958610119,-0.005952531645569636,0.02003338898163598,-0.004852972972973046,-0.006149828767123333,-0.007000000000000006,0.014863019693654222,0.014000000000000012,-0.00654903716972699,-0.006999999999999895,-0.007000000000000006,-0.007000000000000117,-0.007000000000000117,0.014000000000000012,-0.007000000000000117,-0.007000000000000117,-0.007000000000000117,-0.007000000000000117,0.014000000000000012
KDP,-0.005602982554867686,0.014000000000000012,-0.006999999999999784,-0.006689007203257047,-0.006352619736419207,-0.007000000000000117,-0.006704991087343792,-0.005823111111111001,-0.006999999999999895,-0.006999999999999895,0.014000000000000012,-0.006999999999999895,-0.006999999999999895,-0.006999999999999895,-0.007000000000000006,0.014000000000000012,-0.007000000000000117,-0.006021353482260294,-0.007000000000000117,-0.006692474450294084,0.014000000000000012,-0.0049567901234568446,-0.007000000000000006,0.01399999999999979,-0.006999999999999895,0.014000000000000012,-0.007000000000000117,-0.007000000000000117,-0.007000000000000117,-0.006999999999999895,0.014000000000000012,-0.007000000000000006,0.015313896987366293,0.014000000000000012,-0.006999999999999895,-0.007000000000000117
KEY,-0.005349127182044944,-0.005147194112235631,-0.004582951420714965,-0.006999999999999895,-0.007000000000000117,0.028428093645485042,0.014000000000000012,-0.018287614297589183,0.014000000000000012,0.014000000000000012,0.013999999999999901,0.016842326559215026,0.014000000000000012,-0.007000000000000117,-0.007000000000000006,0.014000000000000012,0.014000000000000012,0.014000000000000012,-0.008676789587852451,0.016196389891696583,-0.0182841068917019,-0.007000000000000006,-0.00734312416555416,0.014651254953764847,0.013999999999999901,-0.004062130177514889,-0.006999999999999895,-0.00484982206405693,-0.005765931372549105,0.014000000000000012,-0.0035520833333333446,-0.006413170163170223,-0.007000000000000117,-0.007000000000000006,-0.006463791267305563,0.014000000000000012,-0.007000000000000117,-0.007000000000000117,-0.0057947336923998005,0.017488532110091715,-0.0027700831024930483,-0.007981755986317118,-0.007242339832868927
KIM,-0.006452892561983448,0.014000000000000012,-0.007000000000000006,0.013999999999999901,-0.006999999999999895,0.017067150635208472,-0.007000000000000117,-0.007000000000000117,-0.007000000000000117,-0.007000000000000117,0.022310361923649102,-0.007000000000000006,-0.0056122448979593065,0.014000000000000012,-0.006054460093896763,0.014000000000000012,-0.007000000000000006,-0.02498864152657876,0.014965986394557707,-0.007000000000000006,-0.007000000000000117,-0.009843400447427264,-0.0046646567717996135,-0.0037724358974358108
KMI,-0.005810065907729145,-0.006417245370370139,0.014000000000000012,0.014000000000000012,-0.007000000000000117,-0.006393373493975618,-0.006999999999999895,-0.006999999999999895,0.014000000000000012,-0.007000000000000006,-0.007000000000000006,-0.006999999999999895,-0.007000000000000117,-0.0058723404255320855,-0.007000000000000006,0.014000000000000012,0.014000000000000012,-0.0034595680562532483,0.014000000000000012,0.014000000000000012,0.013999999999999901,-0.007000000000000006,-0.006235383447228626,-0.007000000000000006,-0.007000000000000006,0.014000000000000012,0.014000000000000012,0.014000000000000012,0.014000000000000012,0.014000000000000012,0.008569299552906084,0.014000000000000012,-0.007000000000000117,-0.006999999999999895
KHC,-0.006999999999999895,-0.006513712047012676,-0.007000000000000117,-0.006119420632574424,-0.0037081723625558283,0.014000000000000012,-0.00886474120674896,-0.006999999999999895,-0.006999999999999895,-0.006999999999999895,0.014000000000000012,-0.006999999999999895,0.014000000000000012,0.014000000000000012,0.014000000000000012,-0.006999999999999895,-0.006999999999999895,-0.007000000000000006,0.015485564304462018,0.014000000000000012,-0.006999999999999895,0.01428856004553225,-0.006999999999999895,-0.006999999999999895,0.014000000000000123,-0.006999999999999895,-0.019837398373983683,-0.007000000000000117,-0.007000000000000006,0.014000000000000012
LVS,-0.006048242811501514,0.014000000000000012,-0.007000000000000006,-0.006999999999999895,0.014000000000000012,-0.007000000000000117,-0.007000000000000117,-0.005988180150804934,0.014000000000000012,-0.007000000000000117,-0.007000000000000117,-0.007000000000000117,-0.006999999999999895,0.014000000000000012,-0.006999999999999895,-0.007000000000000006,0.01404603979711272,-0.007000000000000006,-0.007000000000000006,-0.00833155308694744,-0.003739328113159801,-0.013226853007237471,0.051634296541922975,-0.0035101404056161467,-0.007000000000000117,-0.007027027027026955,-0.006999999999999895,-0.006999999999999895,-0.007000000000000006,0.014000000000000012,-0.008057090239410702,0.014000000000000012,-0.007000000000000006,-0.007000000000000006
MTCH,-0.006999999999999895,-0.007000000000000006,0.014000000000000012,0.014000000000000012,0.013999999999999901,-0.007000000000000117,0.013999999999999901,0.017535634244733367,0.014000000000000012,-0.007000000000000006,-0.010207237859573337,0.014000000000000012,-0.007000000000000117,-0.006999999999999895,-0.007000000000000117,-0.006999999999999895,0.019399415360084937,-0.007000000000000117,-0.007000000000000006,0.014000000000000012,-0.007000000000000006,0.014000000000000012,-0.003722772277227837,-0.007000000000000006,-0.009127210496292282,-0.006999999999999895,-0.0045312154696132145,-0.006999999999999895,-0.006999999999999895,-0.00225589728277098,-0.007000000000000006,-0.007000000000000006,-0.003595097210481679,-0.007000000000000117
MGM,0.014000000000000012,-0.006999999999999895,0.016676923076923145,0.014845881126173133,0.014291044776119533,-0.007000000000000117,-0.007000000000000006,-0.007000000000000117,-0.006999999999999895,0.013999999999999901,-0.004973843058350136,-0.007000000000000006,0.014000000000000012,-0.007000000000000117,-0.007000000000000006,-0.006999999999999895,-0.022222222222222365,-0.007000000000000006,-0.006649506649506698,-0.007000000000000117,-0.004576089863599808,-0.006241907151819381,-0.007000000000000006,-0.007000000000000006,-0.006999999999999895,-0.007000000000000117,-0.007000000000000006,-0.007000000000000117,-0.006999999999999895,0.014000000000000012,-0.007000000000000117,-0.007000000000000117,-0.007000000000000006,0.014000000000000123,0.014652014652014822,-0.007000000000000006,-0.007000000000000117,-0.005849362688296722
MRNA,0.015634723788049643,-0.007000000000000006,-0.007000000000000006,0.017244082144536765,-0.007000000000000117,-0.007000000000000006,0.014485554668794753,-0.0006785938480853293,-0.006506363094054501,-0.007000000000000006,0.014687324191279938,-0.006616125035737941,-0.007000000000000117,0.019440124416796323,0.014000000000000012,0.014000000000000012,-0.006999999999999895,-0.00731976336107476,-0.007000000000000117,-0.006999999999999895,-0.02525307499727858,-0.007000000000000117,-0.007000000000000006,-0.00549209171736087,-0.008297231808502836,0.014406698564593312,0.015773381294963973,-0.007000000000000006,0.04593639575971731,-0.007000000000000006,-0.023924545663676078,0.014000000000000012,0.014000000000000012,0.014319809069212264,-0.007000000000000006,0.019257867543447382,-0.007000000000000117,-0.007000000000000117,-0.006999999999999895,-0.007000000000000117,0.019158291457286425
MOS,-0.007000000000000117,-0.006999999999999895,0.014000000000000012,-0.006222993827160295,0.013999999999999901,-0.006999999999999895,-0.007000000000000117,-0.006999999999999895,-0.007000000000000006,0.01821367521367534,-0.007000000000000117,-0.007000000000000117,0.014000000000000012,-0.007000000000000117,-0.007000000000000006,-0.006377818968180238,-0.007000000000000006,-0.007000000000000006,-0.007000000000000006,0.014000000000000012,0.014000000000000012,-0.003848619485877558,0.014000000000000012,-0.00662882417987487,0.016100828729281647,-0.006999999999999895,-0.007000000000000006,-0.007000000000000006,0.014000000000000012,-0.007000000000000006,-0.007000000000000006,0.014000000000000012,0.014000000000000012,-0.007000000000000006,0.014000000000000012
NEM,0.014000000000000012,0.013999999999999901,-0.005292557111274854,0.01415571284125372,-0.007000000000000117,-0.007000000000000006,0.01424381800197827,-0.006999999999999895,-0.007000000000000117,-0.005783386424895731,0.015317286652078765,0.014000000000000012,0.01909722222222232,-0.012903225806451757,-0.006999999999999895,0.014000000000000012,-0.007000000000000117,-0.0034206161137440017,-0.007000000000000006,-0.006999999999999895,-0.006999999999999895,0.014000000000000012,-0.006760580123632787,-0.007000000000000117,-0.006999999999999895,-0.007000000000000117,-0.007000000000000006,0.014000000000000012,-0.003104448742746513,-0.0057827663615954705,0.029737036126812333,-0.010706638115631772,-0.006999999999999895,0.014000000000000012,-0.007000000000000117,-0.006999999999999895,-0.007000000000000117,0.014000000000000012
NWSA,-0.007000000000000006,0.02006079027355634,-0.007000000000000006,-0.004009036144578482,-0.006999999999999895,-0.007672634271099765,-0.006999999999999895,-0.006999999999999895,-0.0036828235294117384,0.014000000000000012,-0.006502255639097676,0.014000000000000012,-0.00507184466019428,-0.006535981308411154,-0.006544961590601028,-0.007000000000000006,-0.006999999999999895,0.014000000000000012,0.014000000000000012,-0.007000000000000117,-0.006999999999999895,0.014000000000000012,0.013999999999999901,-0.004479283314669624,-0.007000000000000117,-0.0062348024316110084,-0.006216037368625971,-0.00016258015843084728,0.015585357013410683,-0.006119510439164699,0.014000000000000012,0.014000000000000012,-0.006999999999999895,-0.007000000000000006,-0.007000000000000117,-0.007000000000000006,0.014000000000000012,-0.007000000000000117,-0.007218975592987342,-0.007000000000000006,-0.007000000000000006,0.014000000000000012,-0.01196953210010887,0.014000000000000012,0.014000000000000012,0.014000000000000012,-0.007000000000000006,-0.006999999999999895
NI,-0.007000000000000006,0.017429565217391252,-0.0062940764107957126,-0.004472363636363719,-0.007000000000000117,0.014000000000000012,0.014000000000000012,0.015084878744650698,-0.007000000000000006,0.014000000000000012,-0.007000000000000006,0.014000000000000012,-0.0038402457757296116,-0.006999999999999895,-0.007000000000000006,-0.0044092433842714,-0.007000000000000117,-0.007000000000000006,-0.007000000000000117,-0.006201743955608352,-0.006999999999999895,-0.006999999999999895,-0.007000000000000006,-0.006999999999999895,0.014000000000000012,-0.007000000000000006,-0.006297985153764674,-0.006299478260869629,-0.0063541463414633625,-0.007000000000000117,-0.006378011117974092,-0.006999999999999895,-0.004276135324596031,-0.007000000000000117,0.013999999999999901,-0.007000000000000006,-0.006733565870673419,-0.012585499316005277,-0.007000000000000117,0.014000000000000012,-0.006999999999999895,0.014000000000000012,-0.007000000000000117,-0.006999999999999895,-0.007000000000000006,0.014000000000000012,0.014000000000000012
NCLH,-0.005965697240865042,0.014000000000000012,-0.006999999999999895,0.014000000000000012,-0.007000000000000117,-0.004227168425883443,0.017731370745170283,-0.006999999999999895,-0.005786063569682254,-0.007000000000000117,-0.006999999999999895,-0.006999999999999895,-0.007000000000000006,-0.007000000000000117,-0.007000000000000117,0.014000000000000012,-0.007000000000000117,-0.0025278058645096246,-0.007000000000000117,0.013999999999999901,0.00773349196906592,-0.007000000000000117,-0.006999999999999895,0.014000000000000012,0.01548345035105314,0.01555601023017883,-3.345925526176963e-05,-0.006999999999999895,-0.006999999999999895,-0.002488926746166964,-0.007000000000000006,-0.007000000000000006,0.054674457429048307,-0.007642799678198031,0.014000000000000012,0.0015643332029722234,0.01488095238095255,-0.006390977443609058,-0.007000000000000006,0.014000000000000012,0.014000000000000012,-0.006999999999999895,-0.007000000000000006,-0.007000000000000006,-0.007000000000000006,-0.008788689338937505,0.014000000000000012
PARA,0.01653470437018001,0.015857142857143014,0.014000000000000012,-0.0009296718017415273,0.014000000000000012,-0.007000000000000117,-0.005138632162661638,-0.007000000000000117,0.014000000000000012,0.014000000000000012,0.014000000000000012,0.014000000000000012,-0.007000000000000006,-0.006999999999999895,-0.007000000000000117,0.014000000000000012,-0.005203389830508387,-0.004283273381294972,-0.00240602189781014,-0.006163621262458729,-0.007000000000000006,-0.005025844930417578,-0.006999999999999895,-0.005145658263305375,0.014000000000000012,0.018664143803216793,-0.007000000000000117,-0.007000000000000117,0.014000000000000012,-0.006999999999999895,-0.006999999999999895,0.014000000000000012,-0.006999999999999895,-0.007000000000000006,0.014000000000000012,0.014000000000000012,-0.007000000000000006,-0.007000000000000117,-0.006999999999999895,-0.006999999999999895,-0.007000000000000117,-0.006999999999999895,0.014000000000000012,-0.007130124777183555
PFE,-0.007000000000000006,-0.006999999999999895,-0.018276762402088642,0.016328680537266216,-0.006738544474393482,-0.007000000000000117,-0.006172782037239477,-0.003719869706840573,-0.007000000000000006,-0.01794960303762516,0.014000000000000012,-0.006999999999999895,0.014000000000000012,-0.006999999999999895,-0.007000000000000117,0.014550745725718572,-0.007000000000000006,0.002540834845735085,-0.007000000000000117,-0.007000000000000006,-0.006999999999999895,-0.007000000000000006,0.013999999999999901,0.01768593238822236,-0.006291593387266925,0.014000000000000012,0.01577060931899643,-0.00594037179936846,-0.006656163434903051,-0.003480251660258782,0.014000000000000012,-0.006999999999999895,0.014000000000000012,0.014000000000000012,0.014000000000000012,0.02490421455938696,0.014000000000000012,-0.006999999999999895,-0.007000000000000006
PCG,-0.007000000000000117,-0.007000000000000117,-0.006999999999999895,-0.004159610983981765,-0.005896053362979381,0.015771257485029833,-0.006363866077068847,-0.003957720588235181,-0.006999999999999895,0.014000000000000012,-0.005855990783410037,-0.006999999999999895,0.014000000000000012,-0.006999999999999895,-0.006999999999999895,-0.007000000000000117,0.014000000000000012,0.014000000000000012,0.014000000000000012,0.015223898611949283,-0.004003621001810509,-0.006388585306618344,0.01950162513542797,-0.007000000000000117,-0.003747816593886566,0.014543408360128351,-0.0055134730538921595,-0.007000000000000006,-0.006013712047012731,-0.007000000000000006,0.014000000000000012,-0.0024154589371980784,0.013999999999999901,-0.006999999999999895,-0.006999999999999895,-0.007000000000000117,-0.002562459961563013,0.015266538214515069,0.014000000000000012,0.014000000000000012
PPL,-0.006999999999999895,-0.006999999999999895,-0.006280955829109369,-0.004523770491803303,-0.010697305863708428,-0.006999999999999895,-0.007000000000000006,-0.01032504780114718,0.015120879120879116,-0.007000000000000117,0.014000000000000012,-0.006999999999999895,0.014000000000000012,-0.006999999999999895,-0.007000000000000006,0.01755041075429431,0.014688307155322877,-0.006999999999999895,-0.007000000000000117,-0.007000000000000117,-0.006999999999999895,-0.007000000000000117,-0.006999999999999895,-0.007000000000000006,0.014000000000000012,-0.006999999999999895,0.014000000000000234,-0.007000000000000117
RF,0.01827302275189613,-0.006464401294498323,0.014000000000000012,0.014000000000000012,-0.005802707930367523,0.01884818684695755,-0.009357454772301876,-0.006999999999999895,-0.004074248674130865,-0.007000000000000117,0.014000000000000012,-0.007000000000000117,-0.006999999999999895,-0.007000000000000006,-0.006999999999999895,0.0229765013054829,0.0235294117647058,-0.0054279683377308485,0.014000000000000012,-0.006999999999999895,-0.014178482068390341,-0.007000000000000006,-0.007000000000000117,-0.007000000000000006,-0.005472506636329255,0.014000000000000012,0.014000000000000012,0.014000000000000012,0.014326647564469996,-0.006999999999999895,0.013999999999999901,0.015637193856371967
SLB,0.014000000000000012,-0.01192275398824516,-0.006999999999999895,-0.007000000000000006,-0.006999999999999895,-0.007000000000000006,-0.006999999999999895,-0.007000000000000006,-0.007000000000000006,0.014000000000000012,0.014000000000000012,0.013999999999999901,0.01475728155339806,-0.006999999999999895,-0.00574542008843959,-0.003666942490690772,0.014000000000000012,-0.006078049897001447,-0.006076146788990711,0.014000000000000123,-0.006999999999999895,-0.007000000000000006,-0.006999999999999895,-0.006999999999999895,-0.004313311688311616,-0.006999999999999895,0.025395180098471082,-0.007000000000000117,0.014000000000000012,0.013999999999999901
LUV,-0.007000000000000006,-0.006999999999999895,-0.007000000000000117,-0.02074330164217808,0.014000000000000012,-0.006999999999999895,-0.007000000000000117,-0.007000000000000006,-0.007000000000000117,-0.007000000000000006,-0.007000000000000006,-0.007000000000000006,-0.02724177071509648,-0.0020491452991452386,-0.0058954296160877995,0.014368058076225099,-0.007000000000000006,0.014000000000000012,-0.006999999999999895,0.014000000000000012,-0.004821685991852065,-0.007000000000000117,-0.006999999999999895,0.014299379982285254,-0.007000000000000006,-0.007000000000000117,0.014000000000000012,-0.007000000000000006,-0.006999999999999895,-0.007000000000000117,-0.006999999999999895,-0.006999999999999895
TFC,-0.006999999999999895,0.014000000000000012,-0.006389141643918572,0.01432291666666663,0.01595054401582585,-0.007000000000000117,-0.007000000000000117,0.014000000000000012,0.013999999999999901,-0.007000000000000117,-0.006999999999999895,-0.007000000000000006,0.014000000000000123,0.014000000000000012,-0.006999999999999895,-0.007053291536050277,-0.0049209630986651876,0.024297024297024072,0.014000000000000123,-0.014396978994571707,-0.007000000000000006,-0.006999999999999895,-0.007000000000000006,-0.0065669748441195,-0.007000000000000117,-0.007000000000000006,-0.007000000000000117,0.016830294530154166,-0.007000000000000117,-0.007000000000000117
USB,-0.02923976608187151,-0.007000000000000117,-0.007000000000000006,-0.007000000000000117,-0.006771292300703946,-0.007969089591886136,-0.007000000000000117,-0.002994759171449868,0.020987654320987703,0.014000000000000012,0.014000000000000012,0.015309672929714635,-0.006063869903370045,0.014000000000000012,0.014000000000000012,-0.006749937043565635,-0.0067446754563895706,-0.006233054074638256,-0.00630980123372149,-0.007000000000000006,-0.007000000000000006,0.013999999999999901,-0.006999999999999895,-0.007000000000000006,-0.006999999999999895,-0.0008195041999590202,0.014000000000000012,-0.006999999999999895,-0.007000000000000117,0.014000000000000012
UDR,-0.006999999999999895,0.014754090233019213,0.014000000000000012,-0.004894284386616876,-0.006999999999999895,0.014000000000000123,-0.007000000000000006,-0.0025878922521521686,-0.006708538350217008,-0.0018072289156625398,-0.006999999999999895,-0.007000000000000117,-0.006999999999999895,0.013999999999999901,-0.007133421400264295,-0.006999999999999895,-0.007000000000000006,-0.007000000000000117,-0.007367526211391251,-0.017528979361040364,0.014272827891533058,0.014000000000000012,0.014000000000000012,0.01464376232047293,-0.007000000000000117,-0.006999999999999895,0.014000000000000012,-0.007000000000000006,0.014595210946408033,-0.02258377853326854,-0.006999999999999895,0.014000000000000012,0.014000000000000012,-0.006999999999999895
VZ,0.014270616493194721,-0.004245492371705795,-0.007000000000000117,-0.007000000000000006,-0.007000000000000006,-0.007000000000000117,-0.016751420879449697,-0.006705985401459724,-0.004910730387736595,-0.006094804010938759,0.014000000000000123,-0.007000000000000117,0.014000000000000012,0.014000000000000012,-0.006999999999999895,-0.006999999999999895,-0.007000000000000006,0.014000000000000012,-0.006062765455403518,-0.007000000000000117,-0.007000000000000117,-0.006999999999999895,-0.007000000000000117,0.014000000000000012,-0.007000000000000117,-0.006999999999999895,-0.0062540740740739675,-0.006999999999999895,-0.006030332209918221,-0.007000000000000117,-0.006999999999999895,-0.007000000000000117,-0.007000000000000117,-0.006999999999999895,-0.007000000000000117,-0.007000000000000117,-0.007000000000000006
VTRS,-0.006999999999999895,0.014000000000000123,-0.0017931747673216591,-0.006999999999999895,-0.03148751357220414,-0.007000000000000117,-0.007600434310531812,0.014000000000000123,-0.007000000000000006,0.016223684210526335,-0.006999999999999895,0.014000000000000012,-0.006999999999999895,-0.006999999999999895,0.014000000000000012,0.014000000000000012,-0.006999999999999895,-0.006999999999999895,-0.006164141414141566,-0.003603709949409728,0.014000000000000012,-0.007000000000000117,0.014939942802669193,-0.005239510489510657,-0.007000000000000006,-0.006999999999999895,0.014000000000000012,-0.007000000000000117,-0.007000000000000117,0.02091402013942678,-0.006999999999999895,0.014190317195325486,0.014908602150537575,-0.001764499121265528,-0.006999999999999895
VICI,-0.006683631793905187,-0.009431092181320322,-0.0056845199216197795,-0.0057241051631296,-0.00605946450809447,-0.007000000000000117,-0.007000000000000117,0.017851550266207328,-0.006999999999999895,0.014000000000000012,-0.006999999999999895,-0.007000000000000006,-0.007000000000000006,-0.007000000000000006,0.021375133594585094,0.016949152542372947,-0.016169601149838453,-0.007000000000000006,-0.006999999999999895,-0.007000000000000006,0.015497569866342764,-0.007000000000000117,-0.007000000000000117,-0.007000000000000117,-0.006383421297733616,-0.007000000000000006,-0.0066580645161291585,-0.007000000000000006,-0.006999999999999895,-0.007000000000000006,-0.010090817356205983,-0.006999999999999895,-0.006999999999999895,0.014000000000000012
WBA,0.014000000000000012,0.014000000000000012,-0.007000000000000117,0.014000000000000012,-0.007000000000000117,0.014000000000000012,-0.006999999999999895,-0.002566735112936369,0.014000000000000012,-0.012779552715655007,-0.007000000000000006,0.014583093732029928,-0.004508155583437867,-0.005257894736842239,-0.00454814814814819,-0.00516451016635866,0.013999999999999901,-0.007000000000000006,-0.004205440900562962,-0.006999999999999895,-0.007000000000000117,-0.007000000000000006,-0.007000000000000006,-0.011578947368421022,-0.007000000000000006,0.014000000000000012,0.014000000000000012,-0.006999999999999895,0.0009182736455463081,0.025375939849624052
WBD,-0.005585470085470168,-0.007000000000000006,-0.007000000000000117,-0.004566176470588212,-0.005295007564296572,0.017086071987480356,0.014000000000000012,0.014000000000000012,-0.019436345966958424,0.014000000000000012,-0.006999999999999895,-0.007000000000000117,-0.007000000000000006,-0.007111111111111068,-0.0034290780141845723,-0.007000000000000117,0.014000000000000012,0.014000000000000012,-0.007000000000000117,0.014000000000000012,-0.00581946072684647,-0.007000000000000006,-0.007000000000000117,0.00018697225572972265,-0.009638554216867545,-0.004630071599045382,-0.006999999999999895,-0.007000000000000117,0.014000000000000012,-0.0009233610341643494,-0.007000000000000117,0.014000000000000012,-0.007000000000000117,-0.00764087870105068,0.018251681075888482,-0.006999999999999895,-0.007000000000000006
WY,0.01532462442847815,-0.005369993434011899,-0.007000000000000117,-0.008549528301886822,-0.007000000000000117,-0.006999999999999673,-0.006097546198121528,0.014000000000000012,0.014000000000000012,-0.006999999999999895,-0.005959119496855458,-0.006999999999999895,-0.010695187165775444,-0.008557844690966654,-0.006999999999999895,0.014000000000000012,-0.007000000000000006,-0.011015911872705009,0.015219337511190645,0.014256014256014193,0.014000000000000012,-0.007000000000000006,0.015403358952462476,-0.007000000000000006,0.024479524851516055,-0.006999999999999895,-0.007000000000000006,-0.004312277580071022,-0.006999999999999895,-0.007000000000000006,-0.004786118090452263,0.014000000000000012,0.014000000000000012,-0.006999999999999895,-0.007000000000000006,0.014000000000000012,-0.007000000000000117
