Size,EntryBar,ExitBar,EntryPrice,ExitPrice,SL,TP,PnL,ReturnPct,EntryTime,ExitTime,Duration,Tag,"Entry_RSI(C,14)","Exit_RSI(C,14)",Stock,Strategy
63,876,909,158.37,157.06280999999998,,160.48309431255544,-82.35297000000125,-0.008254025383595542,2023-04-14 15:06:00+00:00,2023-04-14 15:39:00+00:00,0 days 00:33:00,,17.408467056358358,34.47357741114978,MRNA,VWAPReversalRsiStrategy
-75,4823,4875,132.21,133.20596,,130.41411306247448,-74.69699999999975,-0.00753316693139694,2023-04-28 15:53:00+00:00,2023-04-28 16:45:00+00:00,0 days 00:52:00,,64.0139105300774,68.416674891249,MRNA,VWAPReversalRsiStrategy
75,5577,5841,131.17,131.53,130.24188,133.27727057693738,27.000000000001023,0.002744529999237688,2023-05-02 15:27:00+00:00,2023-05-02 19:51:00+00:00,0 days 04:24:00,,36.0763780652072,72.82575989663579,MRNA,VWAPReversalRsiStrategy
77,8275,8571,126.75,128.05,125.8131,128.76614026156213,100.10000000000088,0.010256410256410442,2023-05-11 14:55:00+00:00,2023-05-11 19:51:00+00:00,0 days 04:56:00,,24.597042014311622,75.19974302740458,MRNA,VWAPReversalRsiStrategy
-73,11408,11411,134.96,135.97521,,132.43918740492825,-74.11032999999972,-0.007522302904564349,2023-05-23 15:08:00+00:00,2023-05-23 15:11:00+00:00,0 days 00:03:00,,74.88701203978391,79.79396123599444,MRNA,VWAPReversalRsiStrategy
75,11779,12081,131.24,131.65,130.30146,135.62946459227152,30.749999999999744,0.003124047546479769,2023-05-24 14:49:00+00:00,2023-05-24 19:51:00+00:00,0 days 05:02:00,,33.04164348569948,47.20874689960656,MRNA,VWAPReversalRsiStrategy
78,13322,13574,125.69,128.1019893527956,124.76052,128.1019893527956,188.13516951805798,0.019189986099097833,2023-05-31 14:32:00+00:00,2023-05-31 18:44:00+00:00,0 days 04:12:00,,29.561184639195588,68.5067738218375,MRNA,VWAPReversalRsiStrategy
-78,14956,15118,128.52,126.67890558808416,129.5002,126.67890558808416,143.60536412943608,0.014325353345127967,2023-06-06 15:46:00+00:00,2023-06-06 18:28:00+00:00,0 days 02:42:00,,79.75133825185054,30.203457120755704,MRNA,VWAPReversalRsiStrategy
-79,16915,17151,128.52,128.21,129.41964000000002,126.66058048896805,24.49000000000018,0.0024120759414877346,2023-06-13 15:55:00+00:00,2023-06-13 19:51:00+00:00,0 days 03:56:00,,74.04960123273688,50.549942596030306,MRNA,VWAPReversalRsiStrategy
79,18018,18053,129.04,128.03742,,130.87180141574143,-79.20381999999958,-0.007769528828270311,2023-06-16 14:48:00+00:00,2023-06-16 15:23:00+00:00,0 days 00:35:00,,27.790081562086755,25.450150215959543,MRNA,VWAPReversalRsiStrategy
81,22116,22243,124.84,123.98598,,126.90528351109177,-69.17562000000045,-0.006840916372957473,2023-07-05 14:36:00+00:00,2023-07-05 16:43:00+00:00,0 days 02:07:00,,22.680258963988713,31.657727266458068,MRNA,VWAPReversalRsiStrategy
-79,24065,24381,126.77,126.04,127.63725,124.98928357990269,57.66999999999919,0.005758460203518112,2023-07-12 14:35:00+00:00,2023-07-12 19:51:00+00:00,0 days 05:16:00,,86.08433416654833,37.01226974542978,MRNA,VWAPReversalRsiStrategy
101,31095,31108,100.75,100.04475,,103.18723423817417,-71.23025000000067,-0.007000000000000117,2023-08-07 14:45:00+00:00,2023-08-07 14:58:00+00:00,0 days 00:13:00,,28.207242984612552,28.855609177818764,MRNA,VWAPReversalRsiStrategy
-99,31877,31878,101.64,102.54281,,100.3242615261604,-89.37819000000023,-0.008882428177882762,2023-08-09 14:47:00+00:00,2023-08-09 14:48:00+00:00,0 days 00:01:00,,81.99504451774737,84.90005811714934,MRNA,VWAPReversalRsiStrategy
-96,34213,34218,103.85,104.59709000000001,,101.99662766995128,-71.72064000000137,-0.007193933558016452,2023-08-17 14:43:00+00:00,2023-08-17 14:48:00+00:00,0 days 00:05:00,,75.09100410252276,78.77776849175841,MRNA,VWAPReversalRsiStrategy
96,34618,34664,103.62,102.94431,,105.42926603294664,-64.86624000000029,-0.00652084539664155,2023-08-18 14:58:00+00:00,2023-08-18 15:44:00+00:00,0 days 00:46:00,,24.92081968345428,28.10670291047583,MRNA,VWAPReversalRsiStrategy
-90,34984,34992,109.08,109.92412,,106.47013880316995,-75.97080000000034,-0.007738540520718873,2023-08-21 14:34:00+00:00,2023-08-21 14:42:00+00:00,0 days 00:08:00,,71.51018588792721,72.0449939249838,MRNA,VWAPReversalRsiStrategy
-84,35809,36081,116.4,115.61,117.23494,114.6142320685005,66.36000000000053,0.006786941580756101,2023-08-23 15:19:00+00:00,2023-08-23 19:51:00+00:00,0 days 04:32:00,,63.82168522825143,39.15355332713135,MRNA,VWAPReversalRsiStrategy
89,36626,36838,110.17,111.7435804140457,109.30944,111.7435804140457,140.04865685006672,0.01428320245117276,2023-08-25 15:56:00+00:00,2023-08-25 19:28:00+00:00,0 days 03:32:00,,26.843063090272896,67.71858410144391,MRNA,VWAPReversalRsiStrategy
90,41296,41317,110.18,109.4286,,111.77305429565959,-67.62600000000035,-0.006819749500816874,2023-09-13 15:46:00+00:00,2023-09-13 16:07:00+00:00,0 days 00:21:00,,29.832329988563238,18.66998627043703,MRNA,VWAPReversalRsiStrategy
-89,41635,41644,111.38,112.14959,,109.187167926637,-68.49351000000071,-0.006909588795115829,2023-09-14 14:55:00+00:00,2023-09-14 15:04:00+00:00,0 days 00:09:00,,74.683452496494,73.89086424963031,MRNA,VWAPReversalRsiStrategy
93,42456,42601,105.38,104.54304,,107.73069560415506,-77.83727999999913,-0.007942304042512727,2023-09-18 15:36:00+00:00,2023-09-18 18:01:00+00:00,0 days 02:25:00,,28.065760079000153,30.817243319821365,MRNA,VWAPReversalRsiStrategy
-95,47148,47176,102.89,103.5196,,101.36981217867726,-59.81199999999966,-0.006119156380600677,2023-10-04 15:48:00+00:00,2023-10-04 16:16:00+00:00,0 days 00:28:00,,75.83860570257231,66.39049262437405,MRNA,VWAPReversalRsiStrategy
97,47466,47671,100.08,102.01413370028233,99.34965,102.01413370028233,187.6109689273861,0.01932587630178184,2023-10-05 14:36:00+00:00,2023-10-05 18:01:00+00:00,0 days 03:25:00,,26.256650374579117,67.51159271878761,MRNA,VWAPReversalRsiStrategy
100,48254,48266,98.9,98.23749000000001,,100.3737603805468,-66.25099999999975,-0.006698786653185018,2023-10-09 14:44:00+00:00,2023-10-09 14:56:00+00:00,0 days 00:12:00,,28.819791260106687,17.926298066141726,MRNA,VWAPReversalRsiStrategy
-104,50239,50262,94.06,92.6163173932636,95.12122,92.6163173932636,150.14299110058585,0.015348528670384831,2023-10-16 15:19:00+00:00,2023-10-16 15:42:00+00:00,0 days 00:23:00,,72.56807125281725,34.254415161624756,MRNA,VWAPReversalRsiStrategy
120,51369,51450,83.1,82.45872,,84.26862741161183,-76.95359999999937,-0.007716967509025174,2023-10-19 14:39:00+00:00,2023-10-19 16:00:00+00:00,0 days 01:21:00,,36.586185962272225,49.70489299945394,MRNA,VWAPReversalRsiStrategy
123,51762,51810,80.45,79.87692,,81.71592988629276,-70.48884000000055,-0.0071234307022995935,2023-10-20 14:42:00+00:00,2023-10-20 15:30:00+00:00,0 days 00:48:00,,28.00473272796421,34.581296315963904,MRNA,VWAPReversalRsiStrategy
-131,54517,54705,75.22,75.74654,,73.95858786629601,-68.97673999999962,-0.006999999999999895,2023-10-31 15:07:00+00:00,2023-10-31 18:15:00+00:00,0 days 03:08:00,,82.31311740804928,67.84045158106011,MRNA,VWAPReversalRsiStrategy
-127,54879,54914,76.74,75.67,77.539,75.67639537283782,135.88999999999913,0.013943184779775741,2023-11-01 14:39:00+00:00,2023-11-01 15:14:00+00:00,0 days 00:35:00,,66.18971581762247,42.910408737350046,MRNA,VWAPReversalRsiStrategy
131,55651,55700,75.54,76.60906800720781,74.82254999999999,76.60906800720781,140.04790894422229,0.0141523432248849,2023-11-03 14:31:00+00:00,2023-11-03 15:20:00+00:00,0 days 00:49:00,,36.458378615742106,67.82242554371186,MRNA,VWAPReversalRsiStrategy
135,56023,56051,74.17,73.53165,,76.20195035579675,-86.17725000000036,-0.008606579479573995,2023-11-06 15:13:00+00:00,2023-11-06 15:41:00+00:00,0 days 00:28:00,,26.110010427193796,35.150257281132966,MRNA,VWAPReversalRsiStrategy
140,56841,56873,71.19,70.56258,,72.22272784349366,-87.8388000000001,-0.008813316477033317,2023-11-08 15:51:00+00:00,2023-11-08 16:23:00+00:00,0 days 00:32:00,,39.96649077208217,26.724271026526974,MRNA,VWAPReversalRsiStrategy
142,57228,57238,69.76,69.19224000000001,,70.72330680207614,-80.62191999999897,-0.008138761467889832,2023-11-09 15:48:00+00:00,2023-11-09 15:58:00+00:00,0 days 00:10:00,,30.580382415456377,22.488489721040022,MRNA,VWAPReversalRsiStrategy
144,57969,58008,68.17,67.67295,,69.16748104149812,-71.57520000000022,-0.0072913304972862525,2023-11-13 15:09:00+00:00,2023-11-13 15:48:00+00:00,0 days 00:39:00,,22.39825563330929,41.27718561645485,MRNA,VWAPReversalRsiStrategy
-130,58333,58341,74.58,73.68987199569845,75.27325,73.68987199569845,115.71664055920081,0.011935210569878563,2023-11-14 14:43:00+00:00,2023-11-14 14:51:00+00:00,0 days 00:08:00,,74.40186631886053,54.03219389261624,MRNA,VWAPReversalRsiStrategy
-130,58719,58722,75.92,76.65284,,75.01869593410636,-95.26919999999947,-0.009652792413066269,2023-11-15 14:39:00+00:00,2023-11-15 14:42:00+00:00,0 days 00:03:00,,80.53929894983688,85.07867595008278,MRNA,VWAPReversalRsiStrategy
131,59139,59154,74.37,75.30209547297352,73.66074,75.30209547297352,122.10450695953045,0.012533218676529678,2023-11-16 15:09:00+00:00,2023-11-16 15:24:00+00:00,0 days 00:15:00,,31.054963222574344,69.39077616733506,MRNA,VWAPReversalRsiStrategy
130,59509,59511,75.66,75.03108,,76.82691488956227,-81.75959999999918,-0.008312450436161689,2023-11-17 14:49:00+00:00,2023-11-17 14:51:00+00:00,0 days 00:02:00,,27.18851421032002,21.019691086895698,MRNA,VWAPReversalRsiStrategy
-124,59952,59953,78.75,79.35159999999999,,77.66781950166383,-74.59839999999883,-0.007639365079364913,2023-11-20 15:42:00+00:00,2023-11-20 15:43:00+00:00,0 days 00:01:00,,74.83441241525114,83.61717892115476,MRNA,VWAPReversalRsiStrategy
-122,61074,61092,79.85,80.48951000000001,,78.76416181234659,-78.0202200000019,-0.00800889167188501,2023-11-24 14:54:00+00:00,2023-11-24 15:12:00+00:00,0 days 00:18:00,,73.25527601611967,76.1314572223074,MRNA,VWAPReversalRsiStrategy
127,61276,61294,75.89,76.7501046039614,75.13038,76.7501046039614,109.23328470309822,0.011333569692468126,2023-11-27 14:46:00+00:00,2023-11-27 15:04:00+00:00,0 days 00:18:00,,34.25766470023475,53.258881416930194,MRNA,VWAPReversalRsiStrategy
125,62451,62491,77.96,79.27666376086025,77.38449000000001,79.27666376086025,164.58297010753142,0.016888965634431097,2023-11-30 14:51:00+00:00,2023-11-30 15:31:00+00:00,0 days 00:40:00,,29.405994033414306,67.10183046599045,MRNA,VWAPReversalRsiStrategy
-128,62875,62917,77.32,77.98208,,75.87752957316737,-84.7462400000004,-0.008562855664769886,2023-12-01 15:25:00+00:00,2023-12-01 16:07:00+00:00,0 days 00:42:00,,66.25613882790397,70.10856660703739,MRNA,VWAPReversalRsiStrategy
-123,64025,64030,79.79,80.31832,,78.63020961115546,-64.98335999999922,-0.006621381125454295,2023-12-06 15:05:00+00:00,2023-12-06 15:10:00+00:00,0 days 00:05:00,,75.5709224965477,76.50729196605216,MRNA,VWAPReversalRsiStrategy
125,64391,64402,78.26,79.35441041007125,77.56323,79.35441041007125,136.801301258906,0.013984288398559253,2023-12-07 14:41:00+00:00,2023-12-07 14:52:00+00:00,0 days 00:11:00,,24.02510484015263,49.492324134353474,MRNA,VWAPReversalRsiStrategy
-122,64788,64802,81.11,81.72811999999999,,79.8398065347982,-75.41063999999884,-0.007620761928245567,2023-12-08 14:48:00+00:00,2023-12-08 15:02:00+00:00,0 days 00:14:00,,73.935385762655,65.38736061094181,MRNA,VWAPReversalRsiStrategy
-120,65168,65171,82.0,80.75625468759132,82.58407000000001,80.75625468759132,149.24943748904127,0.015167625761081438,2023-12-11 14:38:00+00:00,2023-12-11 14:41:00+00:00,0 days 00:03:00,,82.07575505683799,47.77428678358868,MRNA,VWAPReversalRsiStrategy
126,65553,65553,78.95,78.17889000000001,,79.98732951978373,-97.15985999999913,-0.009767067764407722,2023-12-12 14:33:00+00:00,2023-12-12 14:33:00+00:00,0 days 00:00:00,,4.847850607471979,4.847850607471979,MRNA,VWAPReversalRsiStrategy
132,65943,65949,74.76,74.21682,,75.8685083264471,-71.69976000000088,-0.007265650080256925,2023-12-13 14:33:00+00:00,2023-12-13 14:39:00+00:00,0 days 00:06:00,,9.176130685012614,21.324127637967116,MRNA,VWAPReversalRsiStrategy
-111,66332,66332,88.09,88.9181,,86.9993340840563,-91.91909999999912,-0.009400613009422187,2023-12-14 14:32:00+00:00,2023-12-14 14:32:00+00:00,0 days 00:00:00,,96.9942116327251,96.9942116327251,MRNA,VWAPReversalRsiStrategy
-109,66722,66725,88.9,88.10748444215515,90.1265,88.10748444215515,86.38419580508877,0.008914685690043278,2023-12-15 14:32:00+00:00,2023-12-15 14:35:00+00:00,0 days 00:03:00,,81.13232221150129,49.23194748950398,MRNA,VWAPReversalRsiStrategy
116,67152,67161,84.54,83.9085,,85.76995089965926,-73.2540000000003,-0.0074698367636621965,2023-12-18 15:12:00+00:00,2023-12-18 15:21:00+00:00,0 days 00:09:00,,26.164950605817367,26.471435920804876,MRNA,VWAPReversalRsiStrategy
-108,68356,68380,89.94,90.60986,,88.48184460218182,-72.34487999999999,-0.007447854124972286,2023-12-21 15:46:00+00:00,2023-12-21 16:10:00+00:00,0 days 00:24:00,,61.48883766065515,68.5119486796192,MRNA,VWAPReversalRsiStrategy
-101,68691,68694,94.95,95.81605,,93.79403155235639,-87.47105000000013,-0.009121116377040606,2023-12-22 14:51:00+00:00,2023-12-22 14:54:00+00:00,0 days 00:03:00,,75.50446817623447,78.5469660652255,MRNA,VWAPReversalRsiStrategy
-93,69843,69844,102.93,101.31159251459103,103.65051000000001,101.31159251459103,150.51189614303513,0.015723379825211103,2023-12-28 14:33:00+00:00,2023-12-28 14:34:00+00:00,0 days 00:01:00,,62.06546638219853,56.52184437180872,MRNA,VWAPReversalRsiStrategy
-94,70623,70628,103.0,103.82169999999999,,101.18431676661956,-77.23979999999932,-0.007977669902912599,2024-01-02 14:33:00+00:00,2024-01-02 14:38:00+00:00,0 days 00:05:00,,79.09308953100978,83.90480709229558,MRNA,VWAPReversalRsiStrategy
87,71012,71012,110.27,110.48864979635847,107.75043000000001,110.48864979635847,19.022532283187502,0.001982858405354726,2024-01-03 14:32:00+00:00,2024-01-03 14:32:00+00:00,0 days 00:00:00,,18.39777929685759,18.39777929685759,MRNA,VWAPReversalRsiStrategy
90,71405,71406,107.12,106.04247000000001,,108.43603486982752,-96.97769999999963,-0.010059092606422682,2024-01-04 14:35:00+00:00,2024-01-04 14:36:00+00:00,0 days 00:01:00,,20.770330931792593,18.30192786275389,MRNA,VWAPReversalRsiStrategy
-85,71816,71818,111.89,112.84442,,109.88105272028456,-81.12569999999991,-0.008529984806506352,2024-01-05 14:56:00+00:00,2024-01-05 14:58:00+00:00,0 days 00:02:00,,70.10404072190134,80.28611235194145,MRNA,VWAPReversalRsiStrategy
86,72182,72186,109.82,110.65411837678491,108.10791,110.65411837678491,71.73418040350265,0.007595323044845337,2024-01-08 14:32:00+00:00,2024-01-08 14:36:00+00:00,0 days 00:04:00,,16.81704215781838,48.77762811851119,MRNA,VWAPReversalRsiStrategy
85,72586,72606,111.46,112.98,110.37195000000001,112.94162181112834,129.20000000000087,0.013637179257132592,2024-01-09 14:46:00+00:00,2024-01-09 15:06:00+00:00,0 days 00:20:00,,27.830268266579782,53.24762809855626,MRNA,VWAPReversalRsiStrategy
-87,73747,73751,110.48,108.82733269640504,111.56553000000001,108.82733269640504,143.78205541276213,0.014958972697275197,2024-01-12 14:37:00+00:00,2024-01-12 14:41:00+00:00,0 days 00:04:00,,67.85695693999692,57.079541888462835,MRNA,VWAPReversalRsiStrategy
97,74137,74141,100.94,100.0944,,102.46660954553813,-82.02320000000044,-0.008377253814147112,2024-01-16 14:37:00+00:00,2024-01-16 14:41:00+00:00,0 days 00:04:00,,15.658267324614306,15.23716219040405,MRNA,VWAPReversalRsiStrategy
100,74924,74938,97.25,98.60912930547713,96.53946,98.60912930547713,135.91293054771256,0.013975622678428001,2024-01-18 14:44:00+00:00,2024-01-18 14:58:00+00:00,0 days 00:14:00,,22.28824331534042,58.65797535881894,MRNA,VWAPReversalRsiStrategy
-97,75695,75701,101.89,102.61330000000001,,100.32646332397245,-70.16010000000087,-0.007098832073805239,2024-01-22 14:35:00+00:00,2024-01-22 14:41:00+00:00,0 days 00:06:00,,75.5108774759721,73.0664276366735,MRNA,VWAPReversalRsiStrategy
96,76510,76554,101.53,103.10012453053571,100.7895,103.10012453053571,150.73195493142794,0.01546463636891282,2024-01-24 15:10:00+00:00,2024-01-24 15:54:00+00:00,0 days 00:44:00,,26.66366619333891,62.72152491385007,MRNA,VWAPReversalRsiStrategy
109,81152,81152,90.98,90.33321,,92.32714510441731,-70.50011000000109,-0.007109144867003869,2024-02-09 14:32:00+00:00,2024-02-09 14:32:00+00:00,0 days 00:00:00,,8.543045528846973,8.543045528846973,MRNA,VWAPReversalRsiStrategy
115,81959,82014,85.9,87.06712680125273,85.23912,87.06712680125273,134.21958214406288,0.013587040759635904,2024-02-13 14:59:00+00:00,2024-02-13 15:54:00+00:00,0 days 00:55:00,,24.115241837516525,65.18849559124638,MRNA,VWAPReversalRsiStrategy
-114,82720,82720,87.88,88.45488,,86.41368623564965,-65.53632000000084,-0.00654164770141108,2024-02-15 14:40:00+00:00,2024-02-15 14:40:00+00:00,0 days 00:00:00,,80.25091414194272,80.25091414194272,MRNA,VWAPReversalRsiStrategy
-105,84272,84272,94.95,95.60458,,93.44858478910733,-68.73089999999955,-0.006893944181147971,2024-02-22 14:32:00+00:00,2024-02-22 14:32:00+00:00,0 days 00:00:00,,97.36364398024618,97.36364398024618,MRNA,VWAPReversalRsiStrategy
101,84665,84668,98.1,99.111240617135,97.02602999999999,99.111240617135,102.13530233063517,0.01030826317161071,2024-02-23 14:35:00+00:00,2024-02-23 14:38:00+00:00,0 days 00:03:00,,20.328237591781022,51.23067888187778,MRNA,VWAPReversalRsiStrategy
108,85055,85064,92.28,93.56172371819197,91.18719,93.56172371819197,138.4261615647327,0.013889507132552659,2024-02-26 14:35:00+00:00,2024-02-26 14:44:00+00:00,0 days 00:09:00,,27.991588760589824,41.658517091625775,MRNA,VWAPReversalRsiStrategy
-106,85506,85564,95.55,96.2692,,94.22622099482172,-76.23520000000008,-0.00752694924123487,2024-02-27 15:36:00+00:00,2024-02-27 16:34:00+00:00,0 days 00:58:00,,71.68432254767184,70.07023264315653,MRNA,VWAPReversalRsiStrategy
-102,85875,85877,98.53,99.24992,,96.84507692103904,-73.4318400000002,-0.007306607124733633,2024-02-28 15:15:00+00:00,2024-02-28 15:17:00+00:00,0 days 00:02:00,,74.77916551597184,77.20334690540517,MRNA,VWAPReversalRsiStrategy
105,86256,86350,95.02,94.24562999999999,,96.39730546835463,-81.30885000000049,-0.008149547463691897,2024-02-29 15:06:00+00:00,2024-02-29 16:40:00+00:00,0 days 01:34:00,,26.2309955053368,37.2734766781551,MRNA,VWAPReversalRsiStrategy
-104,86661,86665,94.7,95.3629,,93.32518248640719,-68.94159999999931,-0.006999999999999895,2024-03-01 15:21:00+00:00,2024-03-01 15:25:00+00:00,0 days 00:04:00,,76.30598050813967,80.55200627171124,MRNA,VWAPReversalRsiStrategy
89,89881,89890,109.68,108.81294,,111.16975839221813,-77.16834000000082,-0.007905361050328352,2024-03-13 16:01:00+00:00,2024-03-13 16:10:00+00:00,0 days 00:09:00,,27.50855010109088,14.82671742829924,MRNA,VWAPReversalRsiStrategy
-91,90963,91021,107.25,105.40092174522816,108.00075,105.40092174522816,168.26612118423742,0.01724082288831552,2024-03-18 14:33:00+00:00,2024-03-18 15:31:00+00:00,0 days 00:58:00,,71.74522347879494,33.813137131192676,MRNA,VWAPReversalRsiStrategy
-94,91425,91671,105.32,105.42,106.12773,103.9206758342437,-9.400000000000801,-0.0009494872768704976,2024-03-19 15:45:00+00:00,2024-03-19 19:51:00+00:00,0 days 04:06:00,,72.77648256044199,64.79120919405716,MRNA,VWAPReversalRsiStrategy
-91,93695,93757,108.57,109.46090000000001,,107.04912551183482,-81.07190000000148,-0.008205765865340497,2024-03-27 14:35:00+00:00,2024-03-27 15:37:00+00:00,0 days 01:02:00,,86.4772702952034,66.93722972197715,MRNA,VWAPReversalRsiStrategy
91,94137,94143,107.74,106.88652,,109.1886045239251,-77.66667999999913,-0.007921663263411816,2024-03-28 15:27:00+00:00,2024-03-28 15:33:00+00:00,0 days 00:06:00,,23.408828176462613,26.506788162769084,MRNA,VWAPReversalRsiStrategy
-93,95697,95724,104.22,104.9294,,102.75999528326872,-65.97420000000021,-0.0068067549414700945,2024-04-04 15:27:00+00:00,2024-04-04 15:54:00+00:00,0 days 00:27:00,,74.4743573652089,82.21875604468268,MRNA,VWAPReversalRsiStrategy
-93,96429,96446,103.89,104.60716,,102.39692129702796,-66.69587999999932,-0.006903070555394963,2024-04-08 14:39:00+00:00,2024-04-08 14:56:00+00:00,0 days 00:17:00,,75.11795176876863,78.17492206205742,MRNA,VWAPReversalRsiStrategy
-90,98790,98994,106.4,104.34436150886586,107.13473,104.34436150886586,185.0074642020732,0.019319910630960058,2024-04-16 15:00:00+00:00,2024-04-16 18:24:00+00:00,0 days 03:24:00,,58.92500607886587,31.127625865271636,MRNA,VWAPReversalRsiStrategy
-95,99567,99861,103.44,102.36,104.19429,101.52912233665137,102.59999999999984,0.01044083526682138,2024-04-18 14:57:00+00:00,2024-04-18 19:51:00+00:00,0 days 04:54:00,,68.155112787023,31.082190871771964,MRNA,VWAPReversalRsiStrategy
92,101118,101132,107.62,106.95603,,109.26180475603107,-61.08524000000057,-0.00616957814532626,2024-04-24 14:48:00+00:00,2024-04-24 15:02:00+00:00,0 days 00:14:00,,25.549334686376874,24.31074085060162,MRNA,VWAPReversalRsiStrategy
95,101510,101682,103.89,105.49748430896827,103.15284,105.49748430896827,152.7110093519854,0.015472945509368285,2024-04-25 14:50:00+00:00,2024-04-25 17:42:00+00:00,0 days 02:52:00,,31.300179266618965,70.16430062728669,MRNA,VWAPReversalRsiStrategy
-88,102689,102893,112.84,111.30461450162619,113.67016,111.30461450162619,135.11392385689555,0.01360674847903065,2024-04-30 14:59:00+00:00,2024-04-30 18:23:00+00:00,0 days 03:24:00,,69.83193948694694,33.92964956667208,MRNA,VWAPReversalRsiStrategy
-83,103441,103497,121.09,118.24639004269281,122.1491,118.24639004269281,236.01962645649712,0.02348344171531258,2024-05-02 14:31:00+00:00,2024-05-02 15:27:00+00:00,0 days 00:56:00,,71.36959852366358,37.034601981187656,MRNA,VWAPReversalRsiStrategy
87,104255,104395,119.26,121.34582058746695,118.31595,121.34582058746695,181.46639110962386,0.017489691325397683,2024-05-06 15:05:00+00:00,2024-05-06 17:25:00+00:00,0 days 02:20:00,,33.48388919564599,78.97472557692012,MRNA,VWAPReversalRsiStrategy
88,104671,104896,119.24,120.95408084974599,118.34574,120.95408084974599,150.83911477764775,0.014375049058587663,2024-05-07 15:31:00+00:00,2024-05-07 19:16:00+00:00,0 days 03:45:00,,28.794693364401937,70.05184389161828,MRNA,VWAPReversalRsiStrategy
89,105789,105890,119.25,118.27623,,121.04013481152121,-86.66553000000016,-0.008165786163522037,2024-05-10 14:39:00+00:00,2024-05-10 16:20:00+00:00,0 days 01:41:00,,20.03877655687593,37.53704121219846,MRNA,VWAPReversalRsiStrategy
-77,108121,108134,137.05,138.15033,,135.0228264312037,-84.72540999999887,-0.008028675665815221,2024-05-20 14:31:00+00:00,2024-05-20 14:44:00+00:00,0 days 00:13:00,,81.71968229614848,75.77344635189806,MRNA,VWAPReversalRsiStrategy
-68,108905,108913,155.02,156.23605,,150.8839596649737,-82.6913999999997,-0.007844471681073273,2024-05-22 14:35:00+00:00,2024-05-22 14:43:00+00:00,0 days 00:08:00,,74.94351119186774,74.91990460786619,MRNA,VWAPReversalRsiStrategy
69,110085,110103,151.65,150.53879999999998,,157.18325823755205,-76.67280000000173,-0.007327398615232572,2024-05-28 14:45:00+00:00,2024-05-28 15:03:00+00:00,0 days 00:18:00,,25.017321721073,27.858046149099913,MRNA,VWAPReversalRsiStrategy
-71,110514,110662,145.49,146.46814999999998,,143.4272562549949,-69.44864999999794,-0.006723142484019284,2024-05-29 15:24:00+00:00,2024-05-29 17:52:00+00:00,0 days 02:28:00,,77.88971461636669,68.2799629686077,MRNA,VWAPReversalRsiStrategy
71,110888,110911,144.54,146.39630845531244,143.27004,146.39630845531244,131.79790032718353,0.012842870176507759,2024-05-30 15:08:00+00:00,2024-05-30 15:31:00+00:00,0 days 00:23:00,,34.682947209526546,74.34760592284222,MRNA,VWAPReversalRsiStrategy
-66,111271,111273,156.81,154.2200751901244,159.23691,154.2200751901244,170.93503745179038,0.01651632427699512,2024-05-31 15:01:00+00:00,2024-05-31 15:03:00+00:00,0 days 00:02:00,,58.07174421699914,44.36169784964784,MRNA,VWAPReversalRsiStrategy
-70,112411,112418,150.45,151.60385000000002,,147.98573876162914,-80.76950000000238,-0.007669325357261725,2024-06-05 14:31:00+00:00,2024-06-05 14:38:00+00:00,0 days 00:07:00,,69.79662289083444,77.245437653042,MRNA,VWAPReversalRsiStrategy
-66,112885,112951,158.8,156.08626247839734,159.91160000000002,156.08626247839734,179.10667642577602,0.017089027214122532,2024-06-06 15:55:00+00:00,2024-06-06 17:01:00+00:00,0 days 01:06:00,,69.55436984691151,26.10853071242819,MRNA,VWAPReversalRsiStrategy
90,119052,119063,118.34,117.44211,,120.88125386719719,-80.81010000000035,-0.007587375359134674,2024-07-01 14:42:00+00:00,2024-07-01 14:53:00+00:00,0 days 00:11:00,,29.012597052659274,24.468337332139445,MRNA,VWAPReversalRsiStrategy
91,119847,120274,116.21,117.92629122668926,115.28729999999999,117.92629122668926,156.1825016287231,0.014768877262621771,2024-07-03 14:57:00+00:00,2024-07-05 18:34:00+00:00,2 days 03:37:00,,28.98391816621311,64.62617780646926,MRNA,VWAPReversalRsiStrategy
93,120812,120963,115.58,117.1736910492404,114.5922,117.1736910492404,148.2132675793577,0.0137886403291263,2024-07-09 14:32:00+00:00,2024-07-09 17:03:00+00:00,0 days 02:31:00,,29.468119091784338,72.63198448446745,MRNA,VWAPReversalRsiStrategy
88,122003,122024,124.03,123.06249000000001,,126.66395653512048,-85.14087999999913,-0.007800612754978564,2024-07-12 14:53:00+00:00,2024-07-12 15:14:00+00:00,0 days 00:21:00,,26.541587790325195,32.7783105466897,MRNA,VWAPReversalRsiStrategy
-89,122427,122691,121.03,121.27,122.03833,119.07166956254643,-21.359999999999545,-0.001982979426588427,2024-07-15 15:27:00+00:00,2024-07-15 19:51:00+00:00,0 days 04:24:00,,64.70245199084286,37.85956311714355,MRNA,VWAPReversalRsiStrategy
89,123186,123202,121.48,120.57006,,123.31986112549602,-80.98466000000053,-0.0074904511030622345,2024-07-17 15:06:00+00:00,2024-07-17 15:22:00+00:00,0 days 00:16:00,,28.037372732196843,26.28846217870675,MRNA,VWAPReversalRsiStrategy
87,123631,123758,122.54,121.72194,,124.37266104552636,-71.17122000000023,-0.006675860943365475,2024-07-18 16:01:00+00:00,2024-07-18 18:08:00+00:00,0 days 02:07:00,,28.63082192610834,23.363903159111317,MRNA,VWAPReversalRsiStrategy
-87,125491,125499,121.77,119.66285484095802,122.75330000000001,119.66285484095802,183.321628836652,0.01730430450063214,2024-07-25 14:31:00+00:00,2024-07-25 14:39:00+00:00,0 days 00:08:00,,69.4056805381993,32.502266395865036,MRNA,VWAPReversalRsiStrategy
90,126275,126379,120.02,121.70004316035337,119.06070000000001,121.70004316035337,151.20388443180403,0.013998026665167362,2024-07-29 14:35:00+00:00,2024-07-29 16:19:00+00:00,0 days 01:44:00,,30.822608167226136,65.57990409228675,MRNA,VWAPReversalRsiStrategy
90,126679,126690,121.3,120.38139000000001,,123.94106478655203,-82.67489999999881,-0.007573042044517586,2024-07-30 14:49:00+00:00,2024-07-30 15:00:00+00:00,0 days 00:11:00,,27.9188552540639,26.795945589829557,MRNA,VWAPReversalRsiStrategy
-89,127081,127175,122.11,120.22416677219012,122.91442,120.22416677219012,167.83915727507957,0.015443724738431586,2024-07-31 15:01:00+00:00,2024-07-31 16:35:00+00:00,0 days 01:34:00,,74.88637904815411,29.958804426405756,MRNA,VWAPReversalRsiStrategy
113,127460,127469,97.85,96.96645000000001,,99.31252889632684,-99.84114999999835,-0.009029637199795437,2024-08-01 14:50:00+00:00,2024-08-01 14:59:00+00:00,0 days 00:09:00,,27.006907721672953,28.32541955550603,MRNA,VWAPReversalRsiStrategy
-131,128277,128531,83.92,82.33524619226559,84.69877,82.33524619226559,207.60274881320842,0.018884101617426263,2024-08-05 15:27:00+00:00,2024-08-05 19:41:00+00:00,0 days 04:14:00,,73.24236433579378,35.91872101809182,MRNA,VWAPReversalRsiStrategy
138,128668,128815,81.26,82.57777615118147,80.69118,82.57777615118147,181.8531088630418,0.016216787486850404,2024-08-06 15:28:00+00:00,2024-08-06 17:55:00+00:00,0 days 02:27:00,,27.23731981611187,73.40798040136505,MRNA,VWAPReversalRsiStrategy
137,129080,129094,82.75,82.17075,,84.08307961183964,-79.35725000000025,-0.007000000000000006,2024-08-07 15:50:00+00:00,2024-08-07 16:04:00+00:00,0 days 00:14:00,,22.94084364131161,28.373974149640752,MRNA,VWAPReversalRsiStrategy
137,130225,130329,82.29,81.7239,,83.52572728124089,-77.5557000000008,-0.006879329201604167,2024-08-12 15:25:00+00:00,2024-08-12 17:09:00+00:00,0 days 01:44:00,,27.735971872578414,33.935036410385806,MRNA,VWAPReversalRsiStrategy
-129,131375,131380,86.66,87.29683,,85.43455058163255,-82.15107000000043,-0.0073486037387491265,2024-08-15 15:05:00+00:00,2024-08-15 15:10:00+00:00,0 days 00:05:00,,77.29448056534628,87.14520044555601,MRNA,VWAPReversalRsiStrategy
-126,131773,131782,88.48,87.2590998739826,89.15978000000001,87.2590998739826,153.8334158781921,0.013798599977592696,2024-08-16 15:13:00+00:00,2024-08-16 15:22:00+00:00,0 days 00:09:00,,85.47249573514553,35.15576096654973,MRNA,VWAPReversalRsiStrategy
-126,132133,132135,89.17,89.83447,,87.74378651637343,-83.72321999999929,-0.0074517214309743895,2024-08-19 14:43:00+00:00,2024-08-19 14:45:00+00:00,0 days 00:02:00,,79.07064461269613,86.40504883366881,MRNA,VWAPReversalRsiStrategy
134,133293,133362,83.79,83.13396,,84.98462969157343,-87.90936000000059,-0.007829573934837186,2024-08-22 14:33:00+00:00,2024-08-22 15:42:00+00:00,0 days 01:09:00,,23.469229920460542,34.18484505127442,MRNA,VWAPReversalRsiStrategy
141,134524,134781,78.88,78.56,78.3477,80.02031639252276,-45.11999999999904,-0.0040567951318457585,2024-08-27 15:34:00+00:00,2024-08-27 19:51:00+00:00,0 days 04:17:00,,27.612632094827,46.764566956404195,MRNA,VWAPReversalRsiStrategy
147,136078,136133,75.34,74.84241,,76.61074489086067,-73.14573000000036,-0.006604592513936858,2024-09-03 15:28:00+00:00,2024-09-03 16:23:00+00:00,0 days 00:55:00,,21.48719759800343,29.219395257894693,MRNA,VWAPReversalRsiStrategy
-149,136441,136454,73.7,72.70952123946448,74.518,72.70952123946448,147.58133531979306,0.013439331893290718,2024-09-04 15:01:00+00:00,2024-09-04 15:14:00+00:00,0 days 00:13:00,,80.60641377872739,39.06058545529054,MRNA,VWAPReversalRsiStrategy
-167,138812,138853,66.89,65.68481701258044,67.39851,65.68481701258044,201.26555889906683,0.018017386566296367,2024-09-12 15:32:00+00:00,2024-09-12 16:13:00+00:00,0 days 00:41:00,,72.65543679726764,36.92282358712449,MRNA,VWAPReversalRsiStrategy
-162,139545,139851,70.22,69.55,70.74175,69.02730799904326,108.54000000000028,0.009541441184847677,2024-09-16 14:45:00+00:00,2024-09-16 19:51:00+00:00,0 days 05:06:00,,75.85231377910449,48.420034529757274,MRNA,VWAPReversalRsiStrategy
-159,139926,139937,71.9,72.39323,,70.89118914010784,-78.42356999999951,-0.006859944367176629,2024-09-17 14:36:00+00:00,2024-09-17 14:47:00+00:00,0 days 00:11:00,,75.21304156831377,75.74135106117417,MRNA,VWAPReversalRsiStrategy
160,140363,140398,71.25,70.67181000000001,,72.20731883558192,-92.51039999999875,-0.008114947368420888,2024-09-18 15:23:00+00:00,2024-09-18 15:58:00+00:00,0 days 00:35:00,,24.113522472212054,34.828408918799525,MRNA,VWAPReversalRsiStrategy
162,140788,140982,69.47,68.86455,,70.41467967517418,-98.08290000000076,-0.008715272779617145,2024-09-19 15:58:00+00:00,2024-09-19 19:12:00+00:00,0 days 03:14:00,,29.793978183273197,27.338675434958947,MRNA,VWAPReversalRsiStrategy
171,141112,141123,65.49,65.02164,,66.6350671542714,-80.08955999999827,-0.00715162620247356,2024-09-20 14:52:00+00:00,2024-09-20 15:03:00+00:00,0 days 00:11:00,,23.22421401268843,20.186633610940955,MRNA,VWAPReversalRsiStrategy
168,143516,143751,66.26,66.83,65.68695000000001,67.14785105307804,95.75999999999885,0.008602475098098195,2024-09-30 15:56:00+00:00,2024-09-30 19:51:00+00:00,0 days 03:55:00,,28.415648320814263,67.47340165520197,MRNA,VWAPReversalRsiStrategy
-193,146960,146972,58.17,58.55705,,57.1755409432586,-74.70064999999903,-0.006653773422726328,2024-10-11 14:50:00+00:00,2024-10-11 15:02:00+00:00,0 days 00:12:00,,71.33934156538477,75.81585718396896,MRNA,VWAPReversalRsiStrategy
-189,147363,147379,58.95,58.099737723374,59.37272,58.099737723374,160.69957028231488,0.014423448288821139,2024-10-14 15:03:00+00:00,2024-10-14 15:19:00+00:00,0 days 00:16:00,,72.35574539840944,30.50444043230848,MRNA,VWAPReversalRsiStrategy
-209,150142,150151,53.94,54.33772,,53.20019673348181,-83.12347999999992,-0.007373377827215366,2024-10-23 15:52:00+00:00,2024-10-23 16:01:00+00:00,0 days 00:09:00,,87.74205852666081,80.01484705552554,MRNA,VWAPReversalRsiStrategy
202,151647,151730,55.55,55.13136,,56.612009803093656,-84.56527999999926,-0.007536273627362644,2024-10-29 14:57:00+00:00,2024-10-29 16:20:00+00:00,0 days 01:23:00,,32.860327788719914,28.94555272920219,MRNA,VWAPReversalRsiStrategy
-201,153169,153231,55.45,54.51700520305665,55.81801,54.51700520305665,187.5319541856143,0.016825875508446386,2024-11-04 15:19:00+00:00,2024-11-04 16:21:00+00:00,0 days 01:02:00,,80.33866077736043,18.65626150639035,MRNA,VWAPReversalRsiStrategy
215,153517,153521,52.55,53.21,52.0332,53.185219718025245,141.9000000000008,0.012559467174120043,2024-11-05 14:37:00+00:00,2024-11-05 14:41:00+00:00,0 days 00:04:00,,8.31755595704487,50.077862447384,MRNA,VWAPReversalRsiStrategy
226,153902,153903,50.72,51.59095805218744,50.0472,51.59095805218744,196.83651979436144,0.017171885886976268,2024-11-06 14:32:00+00:00,2024-11-06 14:33:00+00:00,0 days 00:01:00,,16.923246187577938,41.36760550121119,MRNA,VWAPReversalRsiStrategy
224,154344,154480,51.9,51.49698,,53.68132414399273,-90.27647999999954,-0.007765317919075088,2024-11-07 15:24:00+00:00,2024-11-07 17:40:00+00:00,0 days 02:16:00,,28.3783379460666,26.031085582616175,MRNA,VWAPReversalRsiStrategy
233,154693,154714,49.59,49.203149999999994,,50.2796274850445,-90.13605000000226,-0.007800967937084291,2024-11-08 14:43:00+00:00,2024-11-08 15:04:00+00:00,0 days 00:21:00,,32.01909955810777,31.757875670607206,MRNA,VWAPReversalRsiStrategy
253,155082,155082,45.3,44.97297,,45.936626895584205,-82.73859000000016,-0.0072192052980132315,2024-11-11 14:42:00+00:00,2024-11-11 14:42:00+00:00,0 days 00:00:00,,15.330279991721854,15.330279991721854,MRNA,VWAPReversalRsiStrategy
-259,155508,155530,43.91,43.09083537980474,44.308,43.09083537980474,212.16363663057217,0.018655536784223603,2024-11-12 15:18:00+00:00,2024-11-12 15:40:00+00:00,0 days 00:22:00,,64.432565328808,31.363335204273657,MRNA,VWAPReversalRsiStrategy
275,155881,155883,42.16,41.86488,,42.78669119031583,-81.15799999999922,-0.006999999999999895,2024-11-13 15:01:00+00:00,2024-11-13 15:03:00+00:00,0 days 00:02:00,,25.158319346578722,21.74488319003734,MRNA,VWAPReversalRsiStrategy
286,156277,156319,40.35,41.05336017464774,40.02783,41.05336017464774,201.1610099492541,0.01743147892559449,2024-11-14 15:07:00+00:00,2024-11-14 15:49:00+00:00,0 days 00:42:00,,37.238694929093185,65.80228744038423,MRNA,VWAPReversalRsiStrategy
314,156645,156652,37.4,38.06122223365008,37.019040000000004,38.06122223365008,207.6237813661249,0.017679738867649286,2024-11-15 14:45:00+00:00,2024-11-15 14:52:00+00:00,0 days 00:07:00,,26.81013003937896,43.152055071286235,MRNA,VWAPReversalRsiStrategy
-308,157087,157164,38.75,39.03132,,37.89103663609627,-86.64656000000028,-0.007259870967742055,2024-11-18 15:37:00+00:00,2024-11-18 16:54:00+00:00,0 days 01:17:00,,67.46573985491398,69.89548941046444,MRNA,VWAPReversalRsiStrategy
310,157431,157442,38.19,37.90281,,38.75359355535085,-89.02889999999857,-0.007520031421838103,2024-11-19 14:51:00+00:00,2024-11-19 15:02:00+00:00,0 days 00:11:00,,31.699530189321734,29.137784898274845,MRNA,VWAPReversalRsiStrategy
-309,157882,157903,38.09,37.42989697422639,38.35663,37.42989697422639,203.97183496404722,0.017330087313563003,2024-11-20 15:52:00+00:00,2024-11-20 16:13:00+00:00,0 days 00:21:00,,73.65091719619744,29.173892903901727,MRNA,VWAPReversalRsiStrategy
-324,158239,158371,36.94,37.21872,,36.42547077207182,-90.30527999999995,-0.007545208446128937,2024-11-21 15:19:00+00:00,2024-11-21 17:31:00+00:00,0 days 02:12:00,,71.90383124365728,77.43929982874174,MRNA,VWAPReversalRsiStrategy
-303,158597,158598,39.16,39.48447,,38.490971556822515,-98.31441000000156,-0.008285750766088062,2024-11-22 14:47:00+00:00,2024-11-22 14:48:00+00:00,0 days 00:01:00,,72.20363706305619,78.00059992429767,MRNA,VWAPReversalRsiStrategy
-268,158972,158973,43.91,44.217369999999995,,43.22021594512005,-82.37515999999968,-0.006999999999999895,2024-11-25 14:32:00+00:00,2024-11-25 14:33:00+00:00,0 days 00:01:00,,95.22790167615854,95.65621165239881,MRNA,VWAPReversalRsiStrategy
279,159367,159517,41.92,41.52726,,42.698382963123144,-109.57446000000095,-0.009368797709923715,2024-11-26 14:37:00+00:00,2024-11-26 17:07:00+00:00,0 days 02:30:00,,22.48548286768599,28.503389524339745,MRNA,VWAPReversalRsiStrategy
-267,159839,159885,43.38,42.78093135929598,43.7038,42.78093135929598,159.9513270679749,0.01380978885901396,2024-11-27 15:59:00+00:00,2024-11-27 16:45:00+00:00,0 days 00:46:00,,76.0324015343355,31.949774860279017,MRNA,VWAPReversalRsiStrategy
-268,160218,160333,43.73,43.060236961625215,44.07639,43.060236961625215,179.4964942844416,0.015315870989590308,2024-11-29 15:48:00+00:00,2024-11-29 17:43:00+00:00,0 days 01:55:00,,70.84948720992124,29.23796481260222,MRNA,VWAPReversalRsiStrategy
281,160356,160488,42.39,43.12472797300102,41.97411,43.12472797300102,206.45856041328702,0.017332577801392413,2024-12-02 14:36:00+00:00,2024-12-02 16:48:00+00:00,0 days 02:12:00,,28.429284663284438,72.39059810486967,MRNA,VWAPReversalRsiStrategy
283,160745,160764,42.88,43.69338648598013,42.579840000000004,43.69338648598013,230.18837553237537,0.018968901258864745,2024-12-03 14:35:00+00:00,2024-12-03 14:54:00+00:00,0 days 00:19:00,,18.122863360231307,47.98526520005968,MRNA,VWAPReversalRsiStrategy
298,161163,161171,41.53,42.137406700373056,41.18964,42.137406700373056,181.0071967111703,0.01462573321389482,2024-12-04 15:03:00+00:00,2024-12-04 15:11:00+00:00,0 days 00:08:00,,28.253504886492436,59.695286006644665,MRNA,VWAPReversalRsiStrategy
-292,161566,161594,42.99,42.33109093877823,43.27079,42.33109093877823,192.40144587675692,0.0153270309658472,2024-12-05 15:16:00+00:00,2024-12-05 15:44:00+00:00,0 days 00:28:00,,73.10137144847315,34.990993691104684,MRNA,VWAPReversalRsiStrategy
-284,161919,161922,44.87,45.30493,,43.9639702489447,-123.52012000000039,-0.009693113438823397,2024-12-06 14:39:00+00:00,2024-12-06 14:42:00+00:00,0 days 00:03:00,,83.86507004701397,81.73287545399786,MRNA,VWAPReversalRsiStrategy
-277,162333,162336,45.57,45.919200000000004,,44.88089211103151,-96.7284000000009,-0.007662936142198928,2024-12-09 15:03:00+00:00,2024-12-09 15:06:00+00:00,0 days 00:03:00,,73.42044287499849,74.69200837908693,MRNA,VWAPReversalRsiStrategy
285,162693,162700,43.9,43.42389,,44.59939617733807,-135.69134999999957,-0.010845330296127553,2024-12-10 14:33:00+00:00,2024-12-10 14:40:00+00:00,0 days 00:07:00,,20.301717441081546,20.778256633464174,MRNA,VWAPReversalRsiStrategy
-292,163099,163099,42.34,42.5961,,41.704608160322884,-74.78119999999896,-0.0060486537553139375,2024-12-11 14:49:00+00:00,2024-12-11 14:49:00+00:00,0 days 00:00:00,,78.74829938438555,78.74829938438555,MRNA,VWAPReversalRsiStrategy
-287,163530,163541,42.78,43.12981,,42.18650332605774,-100.39546999999942,-0.008176951846657232,2024-12-12 15:30:00+00:00,2024-12-12 15:41:00+00:00,0 days 00:11:00,,66.02262539284366,69.52771768061096,MRNA,VWAPReversalRsiStrategy
-284,164252,164252,42.98,43.492329999999995,,42.25971578445399,-145.5017199999996,-0.011920195439739434,2024-12-16 14:32:00+00:00,2024-12-16 14:32:00+00:00,0 days 00:00:00,,87.11131633986953,87.11131633986953,MRNA,VWAPReversalRsiStrategy
-283,164648,164663,42.56,42.86799,,41.829470209293184,-87.16116999999906,-0.007236607142857121,2024-12-17 14:38:00+00:00,2024-12-17 14:53:00+00:00,0 days 00:15:00,,72.15546832135176,68.67342923594497,MRNA,VWAPReversalRsiStrategy
-295,165815,166131,40.54,40.1,40.87413,39.47159597620289,129.79999999999933,0.010853478046373932,2024-12-20 14:35:00+00:00,2024-12-20 19:51:00+00:00,0 days 05:16:00,,77.94229698372358,58.11462356147762,MRNA,VWAPReversalRsiStrategy
-299,166891,166962,40.42,39.855455476209485,40.74322,39.855455476209485,168.79881261336442,0.013966960014609509,2024-12-26 16:01:00+00:00,2024-12-26 17:12:00+00:00,0 days 01:11:00,,73.6507667323717,24.074606489928836,MRNA,VWAPReversalRsiStrategy
305,167222,167235,40.27,39.978179999999995,,40.946395802803536,-89.00510000000256,-0.007246585547554196,2024-12-27 15:02:00+00:00,2024-12-27 15:15:00+00:00,0 days 00:13:00,,32.13580202815402,25.96270007592073,MRNA,VWAPReversalRsiStrategy
309,167588,167598,39.37,39.024899999999995,,39.91262427558883,-106.63590000000067,-0.008765557531115076,2024-12-30 14:38:00+00:00,2024-12-30 14:48:00+00:00,0 days 00:10:00,,22.27540511863935,25.7870915803457,MRNA,VWAPReversalRsiStrategy
-296,167983,167985,40.71,41.02518,,40.139990622066826,-93.29327999999941,-0.007742078113485595,2024-12-31 14:43:00+00:00,2024-12-31 14:45:00+00:00,0 days 00:02:00,,85.09727567740342,86.56433579507656,MRNA,VWAPReversalRsiStrategy
-281,168374,168377,42.64,42.94855,,41.98203979969972,-86.70254999999909,-0.007236163227016812,2025-01-02 14:44:00+00:00,2025-01-02 14:47:00+00:00,0 days 00:03:00,,76.49480997141312,82.40782728859091,MRNA,VWAPReversalRsiStrategy
287,168782,168800,41.45,41.13006,,42.13896533021511,-91.82278000000073,-0.007718697225573057,2025-01-03 15:02:00+00:00,2025-01-03 15:20:00+00:00,0 days 00:18:00,,35.61746783084304,26.64542429779321,MRNA,VWAPReversalRsiStrategy
282,169171,169226,41.84,43.097393457894505,41.537189999999995,43.097393457894505,354.5849551262494,0.030052424901876318,2025-01-06 15:01:00+00:00,2025-01-06 15:56:00+00:00,0 days 00:55:00,,27.781043166504848,70.9381659231662,MRNA,VWAPReversalRsiStrategy
-274,169533,169533,44.34,44.70073,,43.48013815433055,-98.84001999999909,-0.008135543527288958,2025-01-07 14:33:00+00:00,2025-01-07 14:33:00+00:00,0 days 00:00:00,,89.1896705368281,89.1896705368281,MRNA,VWAPReversalRsiStrategy
263,169922,169924,45.76,45.39996,,46.56254645730009,-94.69051999999945,-0.007868006993006937,2025-01-08 14:32:00+00:00,2025-01-08 14:34:00+00:00,0 days 00:02:00,,16.0808916540602,12.723366944953327,MRNA,VWAPReversalRsiStrategy
-274,170374,170391,43.69,42.990287328860624,44.005900000000004,42.990287328860624,191.72127189218827,0.016015396455467457,2025-01-10 15:34:00+00:00,2025-01-10 15:51:00+00:00,0 days 00:17:00,,63.859358181445245,34.46608170635177,MRNA,VWAPReversalRsiStrategy
358,170702,170702,33.94,33.563399999999994,,34.43481633657351,-134.82280000000122,-0.011096051856216982,2025-01-13 14:32:00+00:00,2025-01-13 14:32:00+00:00,0 days 00:00:00,,3.6786053201500204,3.6786053201500204,MRNA,VWAPReversalRsiStrategy
-339,171168,171219,35.49,34.78002188032156,35.778710000000004,34.78002188032156,240.68258257099086,0.020005018869496682,2025-01-14 15:48:00+00:00,2025-01-14 16:39:00+00:00,0 days 00:51:00,,75.18363048354867,29.75499085877117,MRNA,VWAPReversalRsiStrategy
-359,172264,172271,34.13,34.610589999999995,,33.8699492242306,-172.53180999999722,-0.014081160269557413,2025-01-17 14:34:00+00:00,2025-01-17 14:41:00+00:00,0 days 00:07:00,,77.78495595048986,83.6764533937584,MRNA,VWAPReversalRsiStrategy
-333,172653,172653,36.25,36.005787889953325,36.8562,36.005787889953325,81.32263264554277,0.006736885794391023,2025-01-21 14:33:00+00:00,2025-01-21 14:33:00+00:00,0 days 00:00:00,,96.14187139667892,96.14187139667892,MRNA,VWAPReversalRsiStrategy
-329,173043,173054,37.0,37.47047,,36.6488138639937,-154.78462999999962,-0.012715405405405278,2025-01-22 14:33:00+00:00,2025-01-22 14:44:00+00:00,0 days 00:11:00,,77.83217742127312,77.52172681347496,MRNA,VWAPReversalRsiStrategy
-306,173432,173436,39.28,38.77770692826487,39.675799999999995,38.77770692826487,153.70167995095022,0.012787501826250769,2025-01-23 14:32:00+00:00,2025-01-23 14:36:00+00:00,0 days 00:04:00,,64.22211930779478,51.622779172995635,MRNA,VWAPReversalRsiStrategy
-271,173824,173824,44.83,45.28479,,44.05231177995069,-123.24809000000073,-0.010144769127816256,2025-01-24 14:34:00+00:00,2025-01-24 14:34:00+00:00,0 days 00:00:00,,86.6403060080018,86.6403060080018,MRNA,VWAPReversalRsiStrategy
-281,174231,174243,42.86,43.21037,,41.69182997303386,-98.45396999999946,-0.008174755016332247,2025-01-27 14:51:00+00:00,2025-01-27 15:03:00+00:00,0 days 00:12:00,,70.58575859194409,68.65650999637978,MRNA,VWAPReversalRsiStrategy
-282,174652,174656,42.37,42.676660000000005,,41.6011902085862,-86.47812000000224,-0.007237668161435229,2025-01-28 15:22:00+00:00,2025-01-28 15:26:00+00:00,0 days 00:04:00,,74.07871311934046,76.74101882240618,MRNA,VWAPReversalRsiStrategy
278,175009,175020,42.62,43.26682864315757,42.31173,43.26682864315757,179.81836279780424,0.015176645780327735,2025-01-29 14:49:00+00:00,2025-01-29 15:00:00+00:00,0 days 00:11:00,,36.082173412864336,48.79359492886442,MRNA,VWAPReversalRsiStrategy
299,175384,175384,40.26,40.823432552296765,39.88881,40.823432552296765,168.46633313673337,0.01399484729996936,2025-01-30 14:34:00+00:00,2025-01-30 14:34:00+00:00,0 days 00:00:00,,46.921765468004146,46.921765468004146,MRNA,VWAPReversalRsiStrategy
303,175846,175861,40.33,40.92093488023609,40.03776,40.92093488023609,179.05326871153557,0.014652488971884203,2025-01-31 15:46:00+00:00,2025-01-31 16:01:00+00:00,0 days 00:15:00,,31.269496831151805,65.94452900927077,MRNA,VWAPReversalRsiStrategy
329,176168,176171,37.7,38.078831943040555,37.257360000000006,38.078831943040555,124.63570926034168,0.01004859265359559,2025-02-03 14:38:00+00:00,2025-02-03 14:41:00+00:00,0 days 00:03:00,,20.96307754974704,28.5247060235054,MRNA,VWAPReversalRsiStrategy
-333,176554,176560,37.51,36.62217325387249,37.83299,36.62217325387249,295.6463064604604,0.023669068145228178,2025-02-04 14:34:00+00:00,2025-02-04 14:40:00+00:00,0 days 00:06:00,,72.92673802627681,45.52071820151279,MRNA,VWAPReversalRsiStrategy
-365,176952,176992,35.13,35.45647,,34.35324513606151,-119.16155000000018,-0.009293196697979011,2025-02-05 14:42:00+00:00,2025-02-05 15:22:00+00:00,0 days 00:40:00,,72.52253429038055,72.01683781860334,MRNA,VWAPReversalRsiStrategy
369,177394,177409,34.36,34.06983,,34.83745374527946,-107.07272999999861,-0.008444994179278131,2025-02-06 15:34:00+00:00,2025-02-06 15:49:00+00:00,0 days 00:15:00,,29.2106161269457,27.11892142136638,MRNA,VWAPReversalRsiStrategy
390,178164,178380,32.23,31.99446,,32.8018967639667,-91.86059999999873,-0.007308098045299305,2025-02-10 15:24:00+00:00,2025-02-10 19:00:00+00:00,0 days 03:36:00,,28.576912361867063,31.773365643881597,MRNA,VWAPReversalRsiStrategy
-399,179282,179282,31.34,31.04109200291221,31.8212,31.04109200291221,119.26429083802748,0.009537587654364632,2025-02-13 14:32:00+00:00,2025-02-13 14:32:00+00:00,0 days 00:00:00,,71.73617994105413,71.73617994105413,MRNA,VWAPReversalRsiStrategy
430,179671,179671,29.3,29.76666666666667,29.05518,29.76666666666667,200.66666666666748,0.015927189988623525,2025-02-14 14:31:00+00:00,2025-02-14 14:31:00+00:00,0 days 00:00:00,,34.424915758983474,34.424915758983474,MRNA,VWAPReversalRsiStrategy
395,180061,180062,32.45,32.57666666666667,31.895159999999997,32.57666666666667,50.033333333332735,0.0039034411915768175,2025-02-18 14:31:00+00:00,2025-02-18 14:32:00+00:00,0 days 00:01:00,,24.08852972838015,49.769835651399234,MRNA,VWAPReversalRsiStrategy
363,180843,180843,35.39,35.00325,,35.862350419883185,-140.39024999999972,-0.010928228313082822,2025-02-20 14:33:00+00:00,2025-02-20 14:33:00+00:00,0 days 00:00:00,,15.714432557370012,15.714432557370012,MRNA,VWAPReversalRsiStrategy
381,181298,181357,33.38,33.96323473237397,33.12648,33.96323473237397,222.21243303448136,0.017472580358716794,2025-02-21 15:38:00+00:00,2025-02-21 16:37:00+00:00,0 days 00:59:00,,34.82050589601035,81.14473952158741,MRNA,VWAPReversalRsiStrategy
-368,182031,182034,35.15,35.42626,,34.05537240298881,-101.66368000000023,-0.007859459459459428,2025-02-25 14:51:00+00:00,2025-02-25 14:54:00+00:00,0 days 00:03:00,,77.53995320052171,80.9828019472471,MRNA,VWAPReversalRsiStrategy
401,182794,182794,31.99,31.716420000000003,,32.40802477155933,-109.70557999999819,-0.008552047514848282,2025-02-27 14:34:00+00:00,2025-02-27 14:34:00+00:00,0 days 00:00:00,,11.76500086461558,11.76500086461558,MRNA,VWAPReversalRsiStrategy
-408,183242,183367,31.19,30.68057335915879,31.43854,30.68057335915879,207.8460694632147,0.016333011889747118,2025-02-28 15:32:00+00:00,2025-02-28 17:37:00+00:00,0 days 02:05:00,,69.86578436989527,27.17337271717425,MRNA,VWAPReversalRsiStrategy
-405,183583,183587,31.93,31.495866687143202,32.224,31.495866687143202,175.82399170700296,0.013596408169646024,2025-03-03 14:43:00+00:00,2025-03-03 14:47:00+00:00,0 days 00:04:00,,73.41939686700103,58.593348660177114,MRNA,VWAPReversalRsiStrategy
-399,184357,184359,32.83,33.16051,,32.32054076076537,-131.87349000000154,-0.010067316478830524,2025-03-05 14:37:00+00:00,2025-03-05 14:39:00+00:00,0 days 00:02:00,,75.69879402811726,78.52866917435995,MRNA,VWAPReversalRsiStrategy
389,184744,184746,33.39,33.7653909520345,32.97753,33.7653909520345,146.02708034142069,0.011242616113641857,2025-03-06 14:34:00+00:00,2025-03-06 14:36:00+00:00,0 days 00:02:00,,31.22022322247239,36.540710864816376,MRNA,VWAPReversalRsiStrategy
-374,185148,185161,35.06,35.406119999999994,,34.41601265073746,-129.44887999999702,-0.009872219053051579,2025-03-07 14:48:00+00:00,2025-03-07 15:01:00+00:00,0 days 00:13:00,,71.60152357648015,73.90896962513172,MRNA,VWAPReversalRsiStrategy
359,185585,185586,36.25,35.976389999999995,,36.9434842522872,-98.2259900000018,-0.007547862068965627,2025-03-10 14:35:00+00:00,2025-03-10 14:36:00+00:00,0 days 00:01:00,,23.402735348703864,23.09126373961567,MRNA,VWAPReversalRsiStrategy
389,185973,186074,33.16,32.868300000000005,,34.101317161492176,-113.47129999999675,-0.008796743063932189,2025-03-11 14:33:00+00:00,2025-03-11 16:14:00+00:00,0 days 01:41:00,,28.201719206558252,24.264523338347594,MRNA,VWAPReversalRsiStrategy
-366,186402,186616,34.95,35.21479,,34.25421114064188,-96.91313999999922,-0.007576251788268928,2025-03-12 15:12:00+00:00,2025-03-12 18:46:00+00:00,0 days 03:34:00,,75.82407630803287,78.87221947033179,MRNA,VWAPReversalRsiStrategy
359,186798,186813,35.32,35.00325,,36.576886082987656,-113.71324999999963,-0.00896800679501697,2025-03-13 15:18:00+00:00,2025-03-13 15:33:00+00:00,0 days 00:15:00,,32.128242499631114,26.577758805070133,MRNA,VWAPReversalRsiStrategy
367,187212,187461,34.29,34.49,34.00032,35.06782441853897,73.40000000000104,0.005832604257801188,2025-03-14 15:42:00+00:00,2025-03-14 19:51:00+00:00,0 days 04:09:00,,28.985940830529326,55.27561552117054,MRNA,VWAPReversalRsiStrategy
-370,189510,189512,34.14,34.38905,,33.6528134954998,-92.14849999999885,-0.007294961921499699,2025-03-24 15:00:00+00:00,2025-03-24 15:02:00+00:00,0 days 00:02:00,,75.04424619448095,73.82804480043332,MRNA,VWAPReversalRsiStrategy
383,190291,190304,32.8,32.49096,,33.203016802930016,-118.36231999999846,-0.00942195121951206,2025-03-26 15:01:00+00:00,2025-03-26 15:14:00+00:00,0 days 00:13:00,,15.527835131573141,17.56227181370356,MRNA,VWAPReversalRsiStrategy
-389,190656,190664,31.98,31.52533632624314,32.21393,31.52533632624314,176.86416909141928,0.014217125508344641,2025-03-27 14:36:00+00:00,2025-03-27 14:44:00+00:00,0 days 00:08:00,,75.13499554557583,36.47421593341444,MRNA,VWAPReversalRsiStrategy
-453,191442,191451,27.84,27.448930927120976,28.115440000000003,27.448930927120976,177.1542900141977,0.01404702129594193,2025-03-31 14:42:00+00:00,2025-03-31 14:51:00+00:00,0 days 00:09:00,,64.34943513310246,46.86435289888365,MRNA,VWAPReversalRsiStrategy
